# Author(s);Creemers, Stefan;;;;;;;;;;;;;;;;;;;;;;;;;;;;;;;;;;
# Reference;Creemers Stefan, 2021, The resource-constrained project scheduling problem: New benchmark results, 17th International Workshop on Project Management and Scheduling (PMS 2021), Toulouse (France), April 21-23, 2021.;;;;;;;;;;;;;;;;;;;;;;;;;;;;;;;;;;
# Date; 2022/06/14;;;;;;;;;;;;;;;;;;;;;;;;;;;;;;;;;;
# Hardware / software;Coded in C++, compiled in Visual Studio 2019 (64 bit), and run on a single thread of an Intel I9-9900K CPU running at 3.6GHz with 128GB of RAM.;;;;;;;;;;;;;;;;;;;;;;;;;;;;;;;;;;
# Stop criteria(s);48 hours;;;;;;;;;;;;;;;;;;;;;;;;;;;;;;;;;;
# Submission date; 2023/09/17;;;;;;;;;;;;;;;;;;;;;;;;;;;;;;;;;;
ID;Type;Value;Time;Solution;;;;;;;;;;;;;;;;;;;;;;;;;;;;;;;
1;optimal;49;8268383;0;3;7;0;0;5;7;0;15;6;12;16;22;32;17;0;19;21;8;29;29;39;30;35;44;36;23;48;24;30;49;
2;optimal;49;122768;0;10;26;12;10;19;31;0;17;22;0;40;27;19;33;0;43;4;9;1;14;49;;;;;;;;;;
3;optimal;38;229789;0;0;10;10;24;0;3;16;24;11;10;13;28;26;30;33;14;22;0;0;36;23;38;;;;;;;;;
4;optimal;39;2444848;0;5;9;24;20;0;1;18;14;16;0;19;29;24;16;34;19;7;10;0;10;7;13;39;;;;;;;;
5;optimal;64;1709052;0;6;19;27;6;0;10;33;0;0;5;46;33;43;10;50;1;53;13;18;33;38;54;64;;;;;;;;
6;optimal;49;164305;0;16;28;20;8;15;33;38;8;10;0;46;37;33;43;42;9;28;14;25;0;10;0;20;49;;;;;;;
7;optimal;60;252925;0;1;10;0;32;12;33;4;33;7;0;19;47;12;50;35;27;22;39;9;16;0;0;45;60;;;;;;;
8;optimal;64;45926;0;0;26;19;21;35;45;45;21;10;25;38;52;15;55;2;38;0;9;31;25;0;3;9;64;;;;;;;
9;optimal;46;432429;0;1;4;40;6;31;10;27;15;0;34;38;43;25;34;21;19;0;6;10;35;38;13;18;46;;;;;;;
11;optimal;50;370131;0;16;21;27;7;0;11;37;20;21;0;47;44;38;29;44;25;10;37;13;0;38;8;1;12;50;;;;;;
12;optimal;52;118940;0;13;19;25;0;17;35;24;10;7;44;0;49;44;29;23;38;7;42;0;10;15;8;1;18;52;;;;;;
13;optimal;43;5603794;0;0;14;17;21;10;16;1;22;29;12;0;35;26;36;18;40;16;28;10;1;38;0;10;28;43;;;;;;
14;optimal;41;173178;0;14;21;8;26;22;27;22;8;23;33;33;27;28;37;8;9;38;22;15;16;0;0;19;0;41;;;;;;
15;optimal;55;189846;0;0;14;9;18;20;10;20;33;23;12;8;18;28;47;24;38;23;19;42;48;0;52;1;0;55;;;;;;
16;optimal;66;45145;0;0;22;19;25;35;46;40;15;50;62;59;59;47;52;10;35;36;10;0;40;29;19;52;57;21;66;;;;;
17;optimal;55;27852;0;0;19;11;20;6;20;47;14;25;0;32;42;10;25;41;50;37;36;32;46;0;10;32;43;42;55;;;;;
18;optimal;76;76122;0;0;30;6;28;37;46;62;62;3;71;71;11;10;0;20;37;46;75;55;51;12;30;0;0;20;76;;;;;
19;optimal;50;758993;0;13;11;8;33;20;37;41;18;35;42;8;0;44;21;10;9;23;18;10;31;13;30;0;21;0;50;;;;;
20;optimal;42;245067;0;0;10;17;10;25;30;18;25;0;33;34;26;18;27;18;17;27;5;0;19;5;8;30;4;9;3;42;;;;
21;optimal;91;0;0;0;32;33;58;5;48;69;0;66;69;40;45;24;15;21;33;8;75;77;58;64;82;40;27;8;3;11;91;;;
22;optimal;59;167538;0;2;6;9;14;0;26;34;35;8;8;5;43;43;51;52;11;28;18;10;23;2;18;1;26;3;0;33;59;;;
23;optimal;56;120940;0;0;1;11;19;9;14;18;23;27;39;23;4;41;18;30;17;26;50;41;12;36;3;10;46;3;12;0;56;;;
24;optimal;77;16199;0;4;0;54;10;0;30;56;60;62;55;44;64;55;10;20;17;10;30;0;1;13;2;39;31;2;73;38;77;;;
25;optimal;47;964398;0;12;2;0;8;0;9;12;19;11;0;20;8;5;21;32;34;25;20;39;25;43;39;31;34;35;46;9;47;;;
26;optimal;59;406123;0;13;0;0;8;0;7;23;15;12;8;21;8;3;20;48;41;35;35;30;50;41;50;52;33;58;44;32;10;59;;
27;optimal;58;281387;0;0;7;12;13;12;21;33;39;17;18;35;42;27;36;51;26;42;39;27;48;23;49;13;48;5;1;0;5;58;;
28;optimal;74;2577;0;0;3;1;18;5;19;25;19;50;3;0;47;9;10;26;57;50;27;36;38;66;9;66;37;37;47;52;59;74;;
29;optimal;66;3264;0;0;0;8;24;24;25;37;11;9;22;26;15;44;49;39;11;20;8;59;27;39;32;39;62;33;16;49;0;66;;
30;optimal;68;198281;0;0;2;22;7;29;19;37;2;32;26;5;19;15;22;22;39;39;28;14;15;15;9;58;40;49;49;63;65;68;;
31;optimal;61;404030;0;0;4;7;17;4;21;43;44;13;11;0;52;52;43;36;13;22;28;15;33;20;33;28;60;6;2;4;5;61;;
32;optimal;77;1343;0;0;11;0;15;9;24;10;16;24;57;30;30;59;12;47;68;33;40;33;39;16;59;61;50;50;44;11;68;77;;
33;optimal;63;81121;0;0;0;3;3;36;1;0;24;24;13;30;11;10;14;39;47;22;41;29;16;53;49;44;44;17;41;51;53;63;;
34;optimal;61;224322;0;12;20;32;26;1;8;0;33;39;44;32;0;52;46;43;34;33;20;26;52;36;51;22;36;22;0;6;11;61;;
35;optimal;51;231601;0;11;0;2;7;28;10;0;14;16;14;23;12;1;0;19;36;31;26;26;22;24;40;30;43;43;34;37;42;40;51;
36;optimal;61;420292;0;9;17;22;22;17;0;28;24;33;48;52;37;0;59;54;44;28;47;53;23;28;28;37;19;31;19;0;4;8;61;
37;optimal;52;1210934;0;0;8;0;0;12;8;15;5;12;7;0;3;20;18;27;9;34;45;34;33;45;25;19;41;27;2;26;10;5;52;
38;optimal;57;115941;0;0;6;3;6;12;2;0;6;10;11;12;29;29;41;21;13;40;38;45;32;16;23;32;11;17;48;55;45;23;35;57
39;optimal;49;6999717;0;5;0;8;15;27;0;32;2;0;17;0;20;23;8;24;28;36;23;37;27;10;22;22;32;42;11;15;32;17;47;49
40;optimal;70;61251;0;8;19;10;21;10;2;25;41;45;62;10;21;11;45;65;55;37;65;37;66;26;31;27;0;31;54;11;1;0;38;70
41;optimal;50;235554;0;6;7;15;0;25;30;10;10;39;0;25;0;16;20;6;44;16;34;1;2;42;50;;;;;;;;;
42;optimal;48;235835;0;7;10;13;10;16;18;34;1;14;0;22;14;18;24;30;36;42;36;0;34;0;33;48;;;;;;;;
43;optimal;48;105334;0;7;18;7;0;11;1;23;32;25;27;26;2;0;41;33;19;44;2;23;42;10;3;18;48;;;;;;;
44;optimal;46;136733;0;16;2;21;24;22;24;26;32;10;33;43;33;40;23;0;8;38;1;18;5;0;26;0;46;;;;;;;
45;optimal;37;126755558;0;28;0;19;30;1;0;10;36;28;0;10;1;17;30;24;33;28;3;22;30;5;13;10;37;;;;;;;
46;optimal;48;207248;0;10;2;15;0;8;25;30;25;17;32;39;44;31;23;44;9;7;37;0;42;7;0;30;1;48;;;;;;
47;optimal;55;436288;0;0;10;17;18;24;32;1;30;39;20;14;22;7;39;49;2;23;49;1;34;16;7;0;23;55;;;;;;
48;optimal;53;189377;0;1;2;6;17;20;3;25;27;13;0;20;3;36;43;18;35;23;25;0;12;27;41;24;13;53;;;;;;
49;optimal;38;2138154;0;11;0;20;12;13;17;25;21;26;1;37;29;29;31;25;21;0;10;4;13;9;35;1;19;38;;;;;;
50;optimal;46;1318768;0;19;23;28;10;17;29;34;33;29;28;0;43;34;37;17;33;40;0;10;3;23;4;41;0;18;46;;;;;
51;optimal;56;21291;0;0;6;40;0;13;0;36;23;22;28;20;43;21;43;50;50;30;55;47;34;10;0;13;36;28;56;;;;;
52;optimal;52;10844082;0;7;10;10;0;32;26;0;4;0;39;34;1;19;35;26;42;45;10;26;45;2;12;0;37;50;52;;;;;
53;optimal;57;330250;0;0;6;19;8;20;29;40;32;32;50;43;42;25;43;43;16;42;0;51;51;6;9;16;26;0;36;57;;;;
54;optimal;66;224915;0;16;18;11;22;32;23;14;29;39;9;17;5;60;49;58;39;6;18;0;46;5;51;0;29;37;64;66;;;;
55;optimal;65;44989;0;0;12;20;25;39;27;33;14;49;57;0;4;45;34;38;34;33;8;0;25;50;20;21;61;31;59;65;;;;
56;optimal;68;75576;0;0;2;4;20;30;34;52;57;44;65;54;14;4;20;9;17;53;66;15;46;27;2;54;25;9;36;68;;;;
57;optimal;63;62;0;6;27;6;32;12;21;10;21;20;0;7;49;54;47;32;42;40;27;54;11;12;11;56;42;0;48;63;;;;
58;optimal;46;228774;0;1;2;3;5;8;15;0;15;20;28;30;37;43;30;36;24;33;9;11;21;37;3;42;10;40;0;46;;;;
59;optimal;45;600187;0;10;21;0;15;30;19;35;15;0;36;31;42;37;24;42;10;24;34;2;24;35;29;15;0;12;12;34;45;;;
60;optimal;44;146981;0;3;16;0;0;20;9;6;29;0;21;10;0;32;39;17;25;4;20;25;11;37;27;33;9;29;21;28;44;;;
61;optimal;70;321893;0;1;10;10;40;49;18;11;11;0;52;33;45;55;21;63;37;60;29;52;50;30;32;26;55;21;68;0;70;;;
62;optimal;56;421104;0;5;15;8;22;0;32;47;15;12;55;23;29;39;31;1;5;20;0;39;29;14;32;8;48;27;39;0;56;;;
63;optimal;81;31;0;15;19;45;9;9;55;67;21;21;44;1;26;36;56;47;76;10;14;19;29;0;0;65;30;72;44;59;81;;;
64;optimal;53;9092757;0;19;14;0;10;26;29;12;2;0;9;14;21;1;45;33;11;35;45;13;25;21;48;16;52;0;17;43;53;;;
65;optimal;74;158915;0;0;51;1;0;56;14;12;30;19;9;55;2;33;36;33;64;9;20;43;50;56;44;64;4;36;60;62;74;;;
66;optimal;65;295087;0;0;1;4;23;45;49;59;20;37;64;28;14;4;59;10;17;9;17;19;32;26;1;39;20;24;10;45;65;;;
67;optimal;65;203;0;18;3;33;33;6;5;14;0;9;20;14;34;55;45;43;20;28;37;28;46;5;46;44;29;47;0;55;65;;;
68;optimal;57;6935;0;9;10;11;12;0;22;0;24;28;39;47;33;12;55;1;34;22;3;24;43;47;17;2;39;12;35;8;57;;;
69;optimal;61;90291;0;0;0;14;15;9;9;40;16;30;23;27;51;40;34;60;22;31;17;48;52;14;51;40;30;0;45;37;61;;;
70;optimal;46;171787;0;7;2;0;0;11;12;20;9;1;21;7;35;20;6;5;28;38;35;44;11;28;43;18;20;9;2;10;46;;;
71;optimal;51;99401118;0;10;0;0;0;10;3;27;20;1;21;0;12;33;12;15;15;23;42;23;9;26;35;41;33;20;27;42;51;;;
72;optimal;44;405686;0;0;1;5;15;6;0;11;8;22;28;42;34;28;33;10;43;8;34;25;14;15;17;34;18;22;31;3;44;;;
73;optimal;55;22490239;0;13;1;0;28;17;42;1;7;34;31;10;23;0;32;52;28;42;52;20;34;20;25;8;0;42;8;15;55;;;
74;optimal;49;542450;0;0;10;25;15;0;0;30;30;34;30;34;5;0;31;48;43;8;21;7;31;0;4;15;41;10;7;18;40;49;;
76;optimal;60;5258799;0;8;15;9;33;38;8;25;41;27;1;24;4;33;50;17;4;39;24;0;18;53;0;38;46;5;16;9;50;60;;
77;optimal;67;417261;0;6;19;27;8;0;0;18;29;34;24;52;58;47;39;53;10;17;53;1;59;1;42;34;8;18;49;31;17;67;;
78;optimal;57;87651;0;9;20;6;16;0;20;1;3;25;0;9;17;13;50;15;36;2;40;50;32;41;28;26;34;22;48;26;20;57;;
79;optimal;63;265453;0;0;10;13;26;41;44;0;53;48;50;31;39;17;55;52;44;6;41;26;26;54;20;0;0;30;2;10;10;63;;
80;optimal;72;141498;0;28;43;3;0;5;21;48;62;61;16;15;28;33;48;71;53;62;22;12;1;18;8;37;46;53;2;43;0;72;;
81;optimal;50;209451;0;0;5;17;14;17;0;29;5;10;20;9;38;29;26;47;10;43;0;31;35;19;8;39;31;38;14;34;47;50;;
82;optimal;54;23432;0;0;9;12;1;3;1;14;23;17;27;23;17;10;38;47;44;16;38;37;27;37;12;26;32;0;8;36;15;54;;
83;optimal;65;33507;0;0;1;7;17;18;35;37;45;46;53;2;55;27;46;7;2;35;59;11;55;18;0;39;7;53;25;4;43;65;;
84;optimal;74;15;0;0;1;0;0;8;3;2;8;14;8;44;71;35;29;22;54;41;33;62;27;17;29;30;17;37;44;53;10;74;;
85;optimal;58;8404;0;0;0;0;11;18;27;0;19;7;17;19;25;31;7;36;1;28;48;41;48;45;36;31;51;54;41;14;53;58;;
86;optimal;51;877060;0;0;0;1;0;2;2;0;12;0;9;10;8;15;15;15;25;17;24;35;24;41;50;33;18;27;27;15;37;51;;
87;optimal;55;692306;0;0;3;3;3;8;0;35;24;18;32;37;22;40;18;22;35;28;25;17;39;44;29;25;13;17;47;52;47;55;;
88;optimal;57;242537;0;0;0;1;4;24;9;16;20;23;6;29;11;30;31;33;53;38;44;11;49;47;50;36;31;53;25;42;16;57;;
89;optimal;68;1337733;0;0;0;34;2;33;24;34;19;12;0;9;3;53;12;16;43;26;2;53;25;54;43;53;62;62;43;59;9;68;;
90;optimal;54;7799344;0;28;0;33;23;0;10;36;39;35;29;22;8;18;53;48;39;45;11;35;45;12;48;27;1;0;22;29;37;54;;
91;optimal;54;12018995;0;6;0;23;19;13;34;11;1;22;0;0;7;12;18;28;23;29;32;44;24;36;41;34;49;17;13;44;9;54;;
92;optimal;50;78012;0;0;5;9;13;1;19;23;27;1;0;10;13;28;39;45;19;12;27;21;7;40;30;36;40;32;15;30;11;50;;
93;optimal;44;172381;0;8;7;0;11;2;13;0;13;10;15;22;0;27;34;32;18;17;4;6;22;43;37;28;28;10;37;42;39;44;;
94;optimal;64;276529;0;0;0;9;15;23;12;15;4;22;5;28;30;29;37;37;45;44;55;35;60;57;48;38;58;49;46;30;50;20;64;
95;optimal;80;62;0;0;0;20;44;1;11;10;7;35;14;1;30;2;9;49;17;56;49;61;62;3;35;43;27;66;73;62;79;5;80;
96;optimal;64;489791;0;0;11;13;4;14;0;14;21;37;23;42;48;43;42;33;55;28;62;55;37;53;20;18;63;14;29;23;5;7;64;
97;optimal;62;73904;0;7;15;2;9;6;0;15;0;34;11;40;34;43;24;43;34;15;50;0;42;54;53;43;48;54;57;24;48;12;62;
98;optimal;49;165570;0;11;0;0;16;18;7;19;0;7;23;21;19;22;24;33;25;12;38;9;12;39;40;27;31;31;41;27;8;46;49;
99;optimal;74;30602;0;0;15;20;4;0;30;43;48;24;58;40;60;58;49;47;20;10;4;49;31;0;66;39;2;59;34;13;70;28;74;
100;optimal;68;68031;0;0;22;9;25;22;0;6;16;16;27;33;25;29;6;41;44;39;39;41;29;8;58;51;50;41;44;50;56;58;68;
101;optimal;50;249160;0;2;9;14;2;18;27;10;9;5;36;45;47;45;22;31;41;27;0;33;22;13;0;27;41;48;32;14;17;1;50;
102;optimal;62;281;0;4;19;1;1;8;21;22;28;0;24;39;36;0;15;56;24;39;28;39;45;37;56;61;36;19;49;8;45;4;62;
103;optimal;65;19198;0;0;1;3;6;10;12;19;28;36;53;0;59;48;43;35;35;58;23;29;52;38;21;3;48;29;13;6;59;12;65;
104;optimal;60;21229;0;0;8;9;18;38;41;15;57;23;51;30;28;45;30;26;9;1;0;30;15;0;33;53;57;34;51;39;35;41;60;
105;optimal;65;31;0;9;10;28;0;29;10;12;38;0;46;52;55;24;17;46;44;30;54;21;24;29;62;55;16;55;20;44;39;0;65;
106;optimal;49;152870;0;0;2;4;6;2;0;18;30;24;30;34;6;18;44;24;30;9;42;34;39;15;46;41;1;15;14;9;38;4;49;
107;optimal;70;515;0;0;17;0;19;38;26;28;7;23;0;33;24;60;48;50;56;28;34;38;38;47;55;17;58;61;47;17;58;9;70;
109;optimal;77;31;0;2;14;31;27;1;15;14;39;49;68;27;22;39;73;56;56;47;62;73;76;37;57;0;7;0;7;75;37;19;77;
110;optimal;56;415168;0;6;13;16;8;25;0;31;34;0;36;35;36;9;6;0;43;47;49;32;43;24;25;33;25;52;25;46;44;16;56;
111;optimal;44;24678981;0;0;4;0;0;11;11;4;8;4;13;8;1;16;13;1;21;13;14;31;24;39;30;37;21;29;31;16;14;13;44;
112;optimal;46;208138;0;0;3;7;0;9;5;7;14;1;21;25;38;10;15;15;26;29;27;36;34;40;25;34;4;9;44;29;5;45;46;
113;optimal;60;812122;0;9;0;9;40;26;0;14;1;14;30;0;33;19;21;21;20;50;34;37;49;19;26;56;0;27;30;42;40;49;59;60
114;optimal;74;10778;0;0;2;30;15;29;8;23;25;30;49;52;52;61;3;73;62;56;57;66;69;45;32;39;2;39;32;29;0;15;46;74
115;optimal;56;396625;0;0;1;1;3;7;0;5;15;13;32;15;26;7;16;23;39;31;20;28;39;41;43;49;39;32;36;2;16;3;53;56
116;optimal;74;82012;0;2;17;0;7;31;32;0;2;17;8;49;41;55;40;33;0;45;64;64;55;45;54;31;32;17;26;56;18;9;8;74
117;optimal;55;2093;0;0;1;3;7;0;1;2;24;30;18;16;16;5;9;18;32;39;37;40;47;54;34;47;26;52;19;22;47;45;0;55
118;optimal;64;4655;0;5;6;11;29;20;0;32;7;42;31;20;29;30;57;58;50;52;42;44;7;20;45;57;45;34;11;34;31;0;53;64
119;optimal;74;687;0;0;8;15;25;9;29;39;8;25;15;38;46;23;49;27;55;64;67;29;43;38;55;65;52;49;23;68;46;47;0;74
120;optimal;68;4717;0;4;4;1;0;10;11;28;36;28;0;11;19;9;19;2;16;2;41;37;45;45;54;51;62;29;54;50;13;37;36;68
121;optimal;72;66890;0;0;4;0;9;17;18;10;19;53;48;29;19;53;19;40;51;44;38;38;29;29;53;20;58;20;59;60;60;59;64;72
122;optimal;57;103038;0;0;8;10;6;15;0;25;27;25;23;32;33;6;6;1;45;46;23;35;54;41;37;15;15;25;28;51;24;33;46;57
123;optimal;65;63235;0;0;9;10;28;34;20;24;33;44;46;0;30;47;48;43;0;20;59;58;52;34;11;58;42;34;46;33;37;47;59;65
124;optimal;60;1499;0;17;8;2;17;6;0;2;26;5;37;3;27;41;7;37;32;53;43;45;45;59;52;17;29;58;26;37;43;52;0;60
125;optimal;59;25556;0;1;0;10;1;1;10;15;8;17;0;32;20;24;25;0;39;42;32;24;49;47;32;40;28;31;49;47;36;24;51;59
126;optimal;70;15;0;6;16;3;52;35;9;55;6;45;0;64;1;0;24;18;6;35;18;55;45;27;70;;;;;;;;;
127;optimal;60;42130;0;4;16;31;1;44;45;16;10;21;4;28;38;9;9;0;50;31;54;19;38;38;0;60;;;;;;;;
128;optimal;55;28196;0;0;11;21;0;29;33;26;48;0;19;3;51;48;9;19;38;26;34;44;22;30;9;20;55;;;;;;;
129;optimal;48;101835;0;21;0;5;0;6;34;5;21;31;1;10;27;42;11;34;24;42;15;27;37;0;20;18;48;;;;;;;
130;optimal;49;276216;0;16;23;12;0;25;37;16;33;41;9;44;23;13;39;6;45;43;19;0;27;9;39;0;49;;;;;;;
131;optimal;49;11481;0;1;23;22;37;23;12;11;0;19;45;27;21;12;14;19;6;6;21;31;1;6;0;34;49;;;;;;;
132;optimal;43;397625;0;14;8;19;1;4;24;19;35;24;40;34;26;2;19;9;3;34;35;9;8;0;23;0;43;;;;;;;
133;optimal;50;472514;0;0;28;0;22;2;8;31;11;20;25;28;1;38;10;20;40;35;27;14;0;4;36;48;50;;;;;;;
134;optimal;58;12075;0;8;14;39;18;18;8;40;25;33;43;48;48;19;10;32;23;30;0;48;19;0;39;34;23;58;;;;;;
135;optimal;45;202296;0;12;22;0;13;18;13;19;25;25;16;0;0;34;33;39;30;35;1;23;30;10;35;10;2;45;;;;;;
136;optimal;56;12059;0;0;2;9;20;39;0;30;19;9;43;49;10;24;30;35;0;22;36;13;39;43;22;52;19;56;;;;;;
137;optimal;43;674919;0;33;2;1;23;0;0;6;24;40;7;35;32;7;27;4;20;29;17;17;29;1;30;24;17;43;;;;;;
138;optimal;54;217448;0;10;21;34;1;22;2;28;36;29;34;50;53;42;41;28;3;28;13;17;48;0;17;0;0;54;;;;;;
139;optimal;55;348340;0;17;0;23;45;11;30;40;18;27;49;45;49;18;33;51;46;30;10;5;5;39;0;47;1;55;;;;;;
140;optimal;46;3679169;0;8;0;6;20;21;11;1;9;32;0;23;11;26;35;31;37;15;40;32;19;41;0;17;44;46;;;;;;
141;optimal;48;237506;0;11;15;20;21;14;10;31;21;30;36;35;45;35;36;22;42;32;31;0;0;8;2;0;42;1;48;;;;;
143;optimal;42;178460;0;0;4;10;13;8;23;19;26;23;29;34;19;0;37;6;20;37;10;0;1;29;8;13;8;2;42;;;;;
144;optimal;51;367615;0;0;6;16;2;6;11;28;18;9;40;47;32;35;13;23;21;47;29;42;0;46;43;40;13;0;51;;;;;
145;optimal;56;224181;0;11;20;25;29;33;15;1;0;39;54;42;50;42;23;20;10;45;50;42;23;32;11;25;0;32;56;;;;;
146;optimal;50;234349;0;7;9;23;28;0;6;13;19;29;17;14;28;38;49;31;41;39;30;29;16;13;23;0;8;0;50;;;;;
147;optimal;59;272845;0;1;2;0;7;3;23;30;18;38;17;11;4;53;50;17;23;32;4;40;23;53;40;47;0;8;59;;;;;
148;optimal;49;1305374;0;15;0;20;5;6;14;32;10;41;0;46;39;40;32;14;10;30;13;40;41;30;15;0;21;24;49;;;;;
149;optimal;57;991579;0;17;0;18;43;5;12;24;40;35;23;49;43;49;34;29;53;44;24;10;17;5;51;0;45;1;57;;;;;
150;optimal;56;2365616;0;0;24;19;38;1;8;11;29;22;20;26;0;39;10;46;36;44;34;26;13;0;51;3;34;54;56;;;;;
151;optimal;72;22;0;3;41;45;56;25;66;47;3;33;34;0;66;25;25;45;20;15;56;10;10;38;12;0;1;51;72;;;;;
152;optimal;43;309156;0;8;14;15;1;3;25;30;20;27;25;0;34;38;28;14;23;33;4;37;2;27;14;39;40;0;43;;;;;
153;optimal;68;64866;0;0;4;8;8;24;37;18;2;37;0;51;21;35;51;25;60;16;41;56;41;0;46;8;28;50;68;;;;;
154;optimal;47;943113;0;0;3;3;5;7;5;40;25;20;28;18;37;18;13;33;10;9;25;28;37;35;1;10;0;19;47;;;;;
155;optimal;44;497867;0;0;35;9;2;6;1;23;9;3;0;6;3;27;17;26;16;2;21;19;34;26;27;21;9;35;44;;;;;
156;optimal;50;394281;0;15;17;8;24;23;10;33;21;44;33;0;47;34;28;9;37;24;11;8;1;3;15;0;0;38;50;;;;;
157;optimal;41;85018723;0;0;2;24;9;0;10;16;5;7;18;23;23;0;24;17;0;16;20;31;5;20;10;35;34;26;41;;;;;
158;optimal;42;601955;0;0;14;17;13;19;17;26;19;25;38;30;34;29;10;9;17;13;40;29;0;21;14;9;0;12;42;;;;;
159;optimal;52;474217;0;4;29;15;0;19;10;0;0;11;6;27;9;2;12;21;35;47;6;30;21;37;30;29;38;20;43;52;;;;
160;optimal;65;131907;0;0;9;34;19;27;36;51;40;36;53;50;44;52;12;44;26;9;0;3;19;51;0;57;28;19;55;65;;;;
161;optimal;45;171057;0;6;8;11;14;18;28;40;32;3;13;40;21;13;17;0;4;40;31;26;1;25;0;16;6;0;27;45;;;;
162;optimal;51;5411;0;2;34;7;11;9;0;11;7;30;25;43;30;16;31;30;48;24;39;27;19;11;4;0;16;41;0;51;;;;
163;optimal;56;6137;0;3;10;16;0;19;39;10;21;29;32;19;0;29;19;48;47;39;39;28;6;20;52;0;12;38;12;56;;;;
164;optimal;42;148927;0;0;6;9;27;16;23;20;22;20;41;31;11;39;40;0;7;40;6;13;0;35;9;13;29;1;9;42;;;;
165;optimal;60;421788;0;8;10;23;34;30;42;52;29;55;52;25;52;18;43;58;32;18;1;8;22;42;34;0;32;23;0;60;;;;
166;optimal;49;2415394;0;10;2;21;0;25;31;28;33;15;29;23;38;46;25;40;17;0;16;39;1;25;2;39;17;23;8;49;;;;
167;optimal;52;2382783;0;20;23;25;25;9;6;42;35;34;0;20;10;45;43;43;23;48;15;35;0;13;43;1;1;13;29;52;;;;
168;optimal;54;376501;0;8;27;30;0;40;2;45;43;32;46;39;32;15;27;27;19;19;39;31;8;17;0;30;12;8;53;54;;;;
169;optimal;47;17310;0;0;6;9;25;0;26;0;1;15;38;27;1;18;34;17;15;31;18;13;12;26;35;9;40;12;31;47;;;;
170;optimal;74;42;0;0;9;32;7;17;46;53;0;36;58;51;68;61;24;50;46;14;26;32;17;53;0;22;38;63;69;74;;;;
171;optimal;61;36932;0;0;12;24;27;6;25;36;37;37;48;51;28;47;14;2;0;27;14;14;56;25;37;8;42;48;23;61;;;;
172;optimal;53;17857;0;0;12;19;26;0;17;27;0;43;52;32;43;28;36;24;48;52;26;14;36;13;35;39;7;28;7;53;;;;
173;optimal;69;28783;0;0;15;10;27;1;37;2;13;20;22;10;15;0;56;55;41;29;46;29;60;65;47;37;31;23;8;69;;;;
174;optimal;75;15931;0;0;8;9;17;27;28;36;0;18;59;36;15;18;55;35;15;12;54;46;67;27;21;28;46;57;0;75;;;;
175;optimal;67;91009;0;0;13;43;29;50;58;16;1;47;31;34;16;44;10;58;58;13;53;21;28;9;44;21;50;0;33;67;;;;
176;optimal;65;250662;0;0;4;25;9;25;46;8;2;50;0;56;31;50;56;36;17;32;41;41;17;0;27;9;8;55;56;65;;;;
177;optimal;51;32773;0;0;15;16;26;29;34;37;47;29;41;49;1;16;29;5;47;33;0;38;5;22;22;41;14;5;0;51;;;;
178;optimal;48;212940;0;0;19;21;22;0;22;6;32;33;41;12;4;30;23;35;11;21;32;29;35;26;22;46;41;6;10;48;;;;
179;optimal;76;20;0;0;0;40;5;0;9;4;19;59;57;47;67;59;55;67;47;47;18;33;18;49;10;20;30;39;33;76;;;;
180;optimal;51;42223;0;17;27;0;10;0;35;9;9;17;18;0;21;6;38;42;39;47;29;35;18;19;28;28;21;49;28;51;;;;
182;optimal;48;94332323;0;0;0;37;16;25;31;15;0;22;31;0;28;9;2;9;39;22;27;6;5;46;21;17;31;39;39;48;;;;
183;optimal;66;41;0;0;4;0;17;9;27;38;14;5;25;36;46;53;29;26;10;57;15;44;0;19;56;0;52;53;1;66;;;;
184;optimal;53;11528627;0;0;0;24;27;10;3;16;36;13;10;33;32;46;33;19;31;16;43;32;43;22;7;37;26;37;1;5;53;;;
186;optimal;62;134870;0;2;0;11;17;26;25;26;18;32;56;44;48;53;11;40;32;20;15;2;0;53;35;45;45;54;8;40;62;;;
187;optimal;47;771126;0;0;12;25;31;4;4;32;14;39;39;17;31;25;39;28;0;9;14;17;23;31;0;11;27;12;23;10;47;;;
188;optimal;70;61;0;0;7;2;8;0;17;47;53;19;26;35;7;54;57;35;58;27;24;17;40;25;64;40;27;33;1;37;70;;;
189;optimal;43;503275;0;7;9;22;0;11;12;16;10;24;0;17;16;42;23;16;22;27;42;6;31;0;36;1;28;27;24;34;43;;;
190;optimal;64;5410621;0;15;1;25;7;0;12;32;38;20;53;29;7;0;47;58;45;32;54;35;10;0;47;35;17;8;4;21;64;;;
191;optimal;75;7744;0;36;25;25;45;26;48;46;57;16;50;0;41;8;59;41;57;65;58;8;65;36;42;0;3;8;9;1;75;;;
192;optimal;56;716810;0;0;3;5;4;1;9;8;20;28;26;29;40;14;47;21;46;21;5;38;12;12;20;38;6;35;0;38;56;;;
193;optimal;57;19629;0;0;1;15;19;10;16;19;25;11;30;18;43;35;49;49;35;40;33;2;21;50;0;10;9;0;21;15;57;;;
194;optimal;61;105114;0;0;9;16;26;28;0;26;34;51;44;28;46;35;21;0;15;40;7;45;35;34;6;53;0;27;52;16;61;;;
195;optimal;52;426028;0;1;12;18;36;16;38;37;25;47;27;8;8;27;12;7;1;36;0;5;47;26;45;18;38;13;40;0;52;;;
196;optimal;79;89;0;23;40;1;51;32;58;68;78;47;73;14;14;27;0;35;58;58;63;25;23;6;68;68;0;40;55;45;79;;;
197;optimal;65;1010;0;0;12;21;20;24;40;0;24;42;20;32;47;49;52;42;58;55;32;10;56;26;47;58;47;0;36;10;65;;;
198;optimal;69;87851;0;0;10;13;22;49;40;32;0;51;61;15;58;40;43;22;26;67;15;0;15;68;10;30;65;2;61;32;69;;;
199;optimal;51;24678;0;0;16;0;25;26;6;1;35;28;35;11;43;19;35;45;19;17;10;13;38;43;16;2;50;6;10;23;51;;;
200;optimal;79;31;0;1;25;16;30;9;25;73;0;68;0;39;30;6;49;77;39;59;73;48;48;62;49;13;20;9;0;57;79;;;
201;optimal;52;642329;0;6;22;11;17;2;32;39;0;15;15;48;29;22;29;30;22;6;21;11;0;4;47;49;50;26;31;39;52;;;
202;optimal;61;116469;0;3;17;40;50;9;3;10;11;53;40;15;34;30;25;8;50;25;10;0;47;53;39;23;42;0;53;52;61;;;
203;optimal;58;31296;0;0;20;21;8;30;5;40;19;5;50;30;29;49;55;23;21;50;40;46;12;0;52;0;31;10;20;57;58;;;
204;optimal;64;240868;0;0;10;38;26;39;55;38;0;8;13;62;29;19;59;20;49;26;30;0;29;19;49;48;39;30;9;35;64;;;
205;optimal;64;45725;0;0;6;15;12;35;24;18;3;3;0;24;57;48;36;36;43;16;41;26;50;15;18;58;26;27;37;0;64;;;
206;optimal;83;6365;0;2;0;17;17;32;25;30;41;0;15;8;49;8;68;2;51;15;68;63;77;32;53;53;46;40;59;23;83;;;
207;optimal;54;84130;0;9;10;11;21;24;33;46;50;49;24;40;24;30;11;36;0;52;33;28;40;0;17;17;36;9;0;28;54;;;
208;optimal;61;7873;0;0;3;11;18;19;28;41;37;21;43;22;12;49;27;51;54;3;51;14;12;6;34;1;37;19;1;43;61;;;
209;optimal;60;27390;0;9;0;3;19;36;30;21;51;22;40;19;14;30;40;29;51;49;55;50;10;42;58;0;10;23;26;19;60;;;
210;optimal;83;72;0;0;0;33;7;0;17;4;11;33;69;56;63;42;71;58;60;52;52;26;41;14;54;20;10;30;0;76;83;;;
211;optimal;59;69779;0;1;3;11;12;13;27;15;34;25;41;46;50;27;17;19;2;12;2;11;34;4;53;0;50;37;46;31;59;;;
212;optimal;57;548636;0;7;0;18;40;35;25;15;42;8;1;9;9;35;45;46;15;56;52;0;0;8;44;46;40;36;27;18;57;;;
213;optimal;66;85925;0;17;0;40;6;17;10;0;11;45;57;45;35;16;27;61;40;35;34;27;26;29;11;48;65;17;57;55;66;;;
214;optimal;68;2571;0;0;1;9;26;7;31;9;54;23;35;32;45;54;62;45;60;37;62;44;16;1;49;26;8;37;6;18;68;;;
215;optimal;72;47960;0;0;11;9;28;42;50;61;35;2;41;65;42;20;22;60;64;61;9;5;0;59;15;51;16;29;41;36;72;;;
216;optimal;51;1177622;0;7;1;0;13;0;13;1;22;28;5;16;33;42;34;22;42;23;7;17;32;8;2;40;23;33;28;47;51;;;
217;optimal;73;81548;0;0;9;17;21;30;35;51;41;51;21;65;59;41;11;31;35;0;58;41;12;3;0;13;3;17;23;61;73;;;
218;optimal;52;292612;0;0;1;3;12;8;6;8;25;37;13;18;46;11;18;10;27;17;9;17;46;2;26;6;31;13;2;1;52;;;
219;optimal;58;167912;0;6;16;21;1;10;28;21;28;11;0;1;29;52;0;47;31;50;40;54;40;34;18;8;11;10;54;52;58;;;
222;optimal;69;14436;0;0;9;1;3;23;19;19;30;38;6;48;3;38;27;9;18;48;34;54;38;23;0;54;48;61;3;54;69;;;
223;optimal;31;58183817;0;0;17;13;1;0;23;9;0;6;7;0;3;5;9;24;16;15;19;16;0;6;19;13;24;22;28;21;31;;;
224;optimal;55;2199857;0;8;10;19;15;0;4;1;16;22;14;2;36;23;43;22;46;34;8;32;10;24;39;14;46;21;11;0;55;;;
225;optimal;60;10713;0;10;17;34;21;10;0;30;17;25;35;0;21;54;52;52;36;28;46;45;46;44;33;36;24;26;11;0;60;;;
229;optimal;66;258119;0;0;25;14;37;51;55;22;0;51;41;32;41;39;60;32;0;9;7;37;56;18;7;26;17;32;14;51;44;66;;
230;optimal;56;22461;0;0;7;0;22;0;42;25;12;20;38;38;48;35;20;35;29;48;11;13;1;6;31;11;21;55;37;12;37;56;;
231;optimal;69;12305;0;0;8;1;0;22;19;18;30;39;5;16;43;43;29;8;49;52;36;18;3;23;26;62;52;58;49;4;62;69;;
232;optimal;54;463700;0;1;11;11;8;26;29;38;13;19;29;34;51;44;35;19;20;39;45;39;1;0;34;7;45;20;43;26;0;54;;
233;optimal;49;1453649;0;2;0;2;18;19;35;41;5;20;27;38;0;45;13;19;17;28;37;13;14;46;14;37;11;44;7;17;20;49;;
234;optimal;57;122;0;7;8;9;10;11;14;30;31;35;37;38;44;53;20;44;27;31;56;11;15;14;0;0;24;27;45;20;38;57;;
235;optimal;54;2483362;0;21;5;25;1;23;15;26;32;41;30;24;0;0;51;41;26;42;5;17;11;18;7;37;10;16;0;8;43;54;;
236;optimal;64;351420;0;10;16;31;21;21;14;0;31;36;36;0;47;37;52;45;37;55;52;56;22;1;23;45;10;6;24;25;8;64;;
237;optimal;58;668320;0;0;7;21;0;1;20;31;35;21;4;31;10;28;44;49;37;49;15;10;44;47;2;22;0;12;3;19;54;58;;
238;optimal;55;1149950;0;5;15;0;20;24;27;25;30;40;32;26;30;0;37;48;41;35;47;32;10;49;1;41;2;51;0;52;16;55;;
239;optimal;52;1590281;0;0;1;1;2;0;31;18;22;33;42;12;23;43;32;23;41;46;18;22;32;10;41;17;2;50;17;29;33;52;;
240;optimal;59;25;0;8;12;33;16;20;20;8;20;54;41;32;9;7;41;56;42;47;29;50;41;8;9;0;0;24;7;32;20;59;;
241;optimal;58;98319;0;0;7;0;25;1;9;15;10;24;25;21;18;9;34;34;0;24;20;7;44;48;51;49;35;52;44;52;32;58;;
242;optimal;79;7238;0;0;29;9;11;45;52;0;55;23;22;9;20;39;21;62;55;42;69;42;23;42;50;51;16;52;69;9;21;79;;
243;optimal;89;30;0;34;9;8;18;60;60;1;27;31;38;1;23;0;44;64;52;29;74;31;27;44;54;84;18;0;8;11;13;89;;
244;optimal;41;994284;0;0;7;0;20;8;10;28;25;28;0;14;8;4;0;35;11;38;25;11;38;20;14;19;14;29;24;28;37;41;;
245;optimal;55;296317;0;0;0;9;1;36;24;15;11;17;17;26;9;14;26;23;53;44;33;36;41;28;44;49;36;6;43;49;24;55;;
246;optimal;69;2190721;0;10;0;12;12;19;33;45;25;17;38;23;24;35;4;47;50;54;39;42;25;56;47;0;28;14;25;65;67;69;;
247;optimal;56;128844;0;0;9;26;11;39;0;15;0;9;2;1;43;49;28;29;13;39;38;21;43;17;26;21;38;30;2;6;47;56;;
248;optimal;66;1131286;0;3;3;3;0;8;0;33;41;45;33;26;37;26;19;41;17;49;29;17;48;36;39;45;13;45;53;53;60;66;;
249;optimal;68;31765;0;0;1;14;20;22;28;26;1;5;28;4;30;12;19;6;30;5;19;44;14;37;49;63;54;44;59;54;56;68;;
250;optimal;67;95514;0;6;46;49;51;52;62;34;17;8;26;19;8;36;52;26;35;0;1;46;0;41;52;49;8;50;17;59;62;67;;
251;optimal;74;2468313;0;0;10;12;39;48;60;0;60;66;56;32;29;23;13;20;48;30;39;20;70;66;30;50;23;7;0;13;57;74;;
252;optimal;72;60929;0;0;10;24;7;10;41;43;22;35;43;14;19;33;16;48;53;63;63;68;45;33;32;7;52;0;53;16;0;72;;
253;optimal;67;72471;0;0;2;0;36;2;46;21;0;55;11;4;57;36;46;31;21;2;59;36;55;56;40;12;21;40;43;45;28;67;;
254;optimal;60;22897;0;0;10;10;20;28;22;48;6;11;50;32;35;50;22;12;40;50;3;1;44;28;12;49;11;17;40;0;22;60;;
255;optimal;73;72;0;0;18;28;36;42;16;47;3;39;0;48;32;28;57;12;10;57;5;65;13;4;5;48;22;66;21;1;42;73;;
256;optimal;70;302393;0;0;3;18;23;39;22;0;30;47;12;30;38;53;30;37;45;61;59;61;7;0;68;9;53;15;68;7;51;70;;
257;optimal;67;33002;0;0;7;1;2;27;10;18;27;18;2;34;24;48;44;37;36;44;58;7;51;18;59;13;52;46;57;7;0;67;;
258;optimal;70;220981;0;0;12;19;36;31;47;20;47;10;66;19;64;26;36;46;56;10;55;55;34;31;0;64;40;4;23;10;25;70;;
259;optimal;60;7813;0;2;6;0;15;15;30;49;0;10;29;54;40;19;11;55;49;30;20;43;58;13;59;30;0;35;49;21;7;60;;
260;optimal;65;212732;0;0;31;7;12;0;10;1;39;31;49;19;18;23;58;34;58;60;20;41;10;51;26;10;58;49;0;23;31;65;;
261;optimal;63;225009;0;0;15;23;6;31;14;41;9;32;18;52;58;15;48;48;23;46;34;27;0;56;9;37;37;38;46;27;52;63;;
262;optimal;65;10696;0;0;9;29;19;18;20;32;40;29;0;40;49;56;53;58;50;23;36;36;59;10;15;0;2;45;23;0;45;65;;
263;optimal;50;81340;0;14;0;9;0;3;4;3;1;30;9;1;37;23;5;40;42;46;40;31;24;37;17;31;48;9;14;24;36;50;;
264;optimal;57;16031;0;8;0;12;28;8;27;17;0;14;8;26;0;3;34;48;45;26;42;50;48;38;28;17;41;34;42;8;8;57;;
265;optimal;59;18508;0;0;7;11;19;8;24;26;34;39;25;34;47;40;56;12;40;51;54;14;24;2;46;23;0;51;10;10;41;59;;
266;optimal;68;99035;0;0;11;16;20;27;32;8;47;57;42;38;64;47;42;19;38;32;19;13;22;61;2;8;53;0;0;19;27;68;;
267;optimal;68;1385;0;0;2;26;2;4;17;9;7;4;37;36;4;48;17;54;61;58;44;19;65;7;19;28;55;52;55;36;44;68;;
268;optimal;73;3535;0;0;9;17;22;0;25;37;45;55;41;56;66;41;31;18;68;45;17;2;9;3;66;70;12;54;33;64;31;73;;
269;optimal;60;783073;0;26;14;34;23;19;1;35;35;42;36;51;54;26;50;44;42;51;19;14;25;42;0;38;13;0;9;4;29;60;;
270;optimal;72;13178;0;6;0;6;2;0;12;9;6;17;0;19;13;27;59;50;40;60;67;34;34;27;44;54;22;44;19;50;35;72;;
271;optimal;61;312598;0;0;39;0;32;0;21;11;9;10;21;3;25;10;12;43;46;41;55;54;52;16;41;29;29;13;55;59;25;61;;
272;optimal;59;346560;0;22;0;22;8;7;0;22;34;16;8;32;32;48;38;6;48;40;55;58;34;49;45;22;6;15;0;29;16;59;;
273;optimal;66;439988;0;4;19;7;29;8;0;20;22;10;4;19;0;50;22;5;10;2;0;30;46;36;17;54;37;57;57;46;45;66;;
274;optimal;50;8232555;0;22;27;10;20;0;43;39;43;27;22;16;6;49;23;4;2;34;16;0;13;11;23;1;2;49;11;13;30;50;;
275;optimal;56;67164;0;0;16;0;25;7;14;27;0;22;27;0;16;44;51;24;46;39;31;39;28;29;1;10;8;10;49;34;30;56;;
276;optimal;82;48;0;0;9;26;33;9;0;18;38;29;48;3;64;40;27;72;39;39;72;60;27;50;81;73;43;47;0;18;60;82;;
277;optimal;58;3091343;0;9;8;31;30;17;44;48;35;45;17;0;33;33;0;8;15;1;26;39;39;47;35;9;43;1;15;51;20;58;;
278;optimal;46;63067;0;0;17;16;0;25;13;17;10;0;18;1;11;18;29;20;21;36;29;36;41;44;22;30;33;25;35;2;12;46;;
279;optimal;64;1392907;0;6;13;31;3;6;51;23;34;55;15;50;44;32;40;44;36;26;54;24;31;13;2;40;0;13;0;6;50;64;;
280;optimal;53;2931807;0;12;23;29;29;41;0;7;0;18;10;36;45;16;23;12;51;29;18;52;46;16;9;38;45;47;1;0;15;53;;
281;optimal;58;986186;0;0;23;14;24;40;3;21;32;9;0;23;40;53;30;35;53;10;43;42;45;19;10;0;17;35;16;30;19;58;;
282;optimal;72;226184;0;0;20;21;26;36;10;52;62;68;59;43;30;21;54;62;12;34;11;54;60;49;26;31;0;30;44;0;5;72;;
283;optimal;74;13370;0;10;12;31;17;0;18;37;42;22;47;60;28;47;57;64;42;22;20;14;13;56;49;18;49;0;10;8;64;74;;
284;optimal;55;58090;0;0;8;13;18;28;37;9;37;46;18;34;36;26;0;14;28;1;2;7;7;48;44;9;16;2;31;42;23;55;;
285;optimal;51;6188613;0;1;11;21;0;27;19;31;22;31;41;0;42;42;1;41;31;12;13;17;11;1;21;5;27;24;24;3;36;51;;
286;optimal;65;874376;0;0;5;16;23;14;8;16;23;57;42;47;19;32;6;5;32;37;20;47;56;8;17;0;29;22;54;47;53;65;;
287;optimal;74;143669;0;0;7;8;13;16;35;52;59;20;44;52;13;67;56;47;21;44;69;27;27;67;59;18;72;16;8;33;0;74;;
288;optimal;61;66406;0;0;7;8;15;7;19;25;39;19;23;39;48;45;58;45;33;16;21;32;10;47;53;32;0;26;11;15;0;61;;
289;optimal;74;10153;0;5;0;9;10;27;30;32;35;44;45;56;1;64;70;55;35;17;34;20;29;17;45;56;48;5;10;0;34;74;;
290;optimal;65;48566;0;0;1;9;10;26;30;34;51;0;60;10;64;19;55;42;10;7;16;33;0;16;33;26;41;51;30;50;55;65;;
291;optimal;54;568804;0;4;6;7;14;0;0;23;0;1;9;26;15;36;46;40;45;25;31;30;25;30;53;13;15;13;46;30;6;54;;
292;optimal;64;266343;0;0;0;29;7;0;15;16;28;51;24;48;30;50;59;58;36;51;52;15;32;60;58;40;35;43;61;9;21;64;;
293;optimal;67;3171;0;3;0;22;0;5;36;12;8;5;65;39;18;0;39;66;53;55;49;18;54;8;32;27;56;39;41;59;47;67;;
294;optimal;65;976770;0;0;32;4;22;9;0;25;29;10;1;45;0;51;29;2;25;35;18;18;41;12;46;51;45;56;56;37;36;65;;
295;optimal;63;27243;0;8;11;0;32;5;3;24;14;53;32;31;47;0;11;47;56;36;55;59;20;42;42;57;51;55;1;36;5;63;;
296;optimal;47;51378;0;2;8;24;8;19;29;4;1;33;36;0;38;29;24;36;26;18;35;14;19;10;7;44;8;2;14;0;37;47;;
297;optimal;51;163508;0;2;0;1;17;0;8;21;22;2;5;29;0;33;43;32;50;28;10;32;28;37;50;8;9;19;43;5;31;51;;
298;optimal;46;663406;0;2;1;14;0;11;7;0;20;0;9;2;7;28;29;14;32;14;34;38;27;39;11;34;29;19;39;11;20;46;;
299;optimal;60;925157;0;0;9;19;15;0;28;1;11;40;13;0;52;38;30;12;19;22;13;51;12;42;46;28;42;23;54;51;59;60;;
300;optimal;70;70639;0;8;0;15;0;0;7;8;10;6;8;28;24;32;14;49;38;17;59;39;58;32;64;64;21;49;24;49;21;70;;
301;optimal;67;93;0;0;13;0;14;13;22;22;29;30;45;30;64;41;35;48;54;60;45;20;26;54;10;64;52;39;10;10;0;67;;
303;optimal;45;687511;0;0;7;10;7;1;0;0;9;0;16;14;9;15;14;17;10;0;27;35;36;28;36;19;19;27;26;28;19;36;45;
304;optimal;65;1780597;0;1;13;10;10;17;28;32;0;31;24;40;0;0;32;47;56;19;48;29;28;10;56;26;41;42;20;36;56;46;65;
306;optimal;58;72467;0;2;5;8;0;18;23;18;17;28;30;23;49;35;44;31;20;35;43;49;18;14;44;48;2;43;35;4;1;0;58;
307;optimal;66;8388;0;0;10;2;17;17;0;14;24;28;4;17;50;0;57;56;29;46;38;25;24;56;2;13;19;5;38;12;29;47;66;
308;optimal;88;62;0;17;21;30;30;0;40;11;49;68;55;50;60;0;65;50;74;78;78;2;1;40;17;10;60;4;10;87;19;30;88;
309;optimal;78;62;0;12;30;36;34;11;15;10;61;62;51;34;12;19;0;68;42;71;22;41;28;51;56;24;28;45;71;29;0;0;78;
310;optimal;69;109;0;0;0;48;29;22;38;13;33;7;0;17;15;38;36;56;38;61;58;48;58;44;22;1;32;7;52;48;6;27;69;
311;optimal;67;4967;0;0;21;0;54;8;45;28;39;32;21;0;18;59;59;66;49;57;47;49;39;31;22;58;43;14;2;8;60;62;67;
312;optimal;43;9866781;0;9;9;13;27;13;20;17;0;18;2;0;22;10;19;24;41;41;27;24;37;28;27;14;13;14;36;0;0;41;43;
313;optimal;61;25587;0;0;1;13;10;4;6;15;23;26;24;0;8;18;18;24;13;45;36;20;0;24;45;37;55;27;8;33;13;55;61;
314;optimal;54;78044;0;6;0;8;8;0;4;19;23;9;10;23;36;24;30;37;10;15;23;38;34;6;44;30;38;44;47;24;32;41;54;
315;optimal;61;10966;0;2;0;12;9;13;13;9;0;9;32;16;2;33;23;39;51;43;38;47;47;34;24;24;4;20;38;26;51;13;61;
316;optimal;78;83246;0;0;17;24;1;9;58;10;24;23;60;0;17;10;60;63;49;48;33;64;42;68;67;33;42;27;72;0;74;38;78;
317;optimal;72;2292744;0;5;25;10;31;39;47;56;56;1;46;17;66;27;13;68;39;17;14;41;52;39;25;10;68;0;58;0;18;18;72;
318;optimal;58;19104;0;0;3;8;26;20;13;0;39;10;26;35;23;36;47;20;32;51;39;57;32;47;37;11;47;23;0;34;7;38;58;
319;optimal;61;81230;0;0;13;39;12;25;43;48;21;4;56;54;40;59;31;48;14;48;0;12;33;8;40;10;15;0;38;30;25;43;61;
320;optimal;69;148387;0;10;16;0;1;21;10;21;33;43;55;10;30;57;58;65;40;54;32;49;12;52;43;0;58;0;30;65;55;49;69;
321;optimal;80;61423;0;4;8;0;28;15;27;17;32;31;49;8;41;30;0;17;32;68;20;69;73;74;50;40;59;40;17;59;74;27;80;
322;optimal;74;297399;0;0;0;9;16;30;4;54;30;38;18;9;24;54;62;66;63;45;73;24;5;35;37;36;33;47;35;24;47;0;74;
323;optimal;70;222557;0;2;12;17;23;33;28;0;49;47;19;65;56;28;36;39;23;49;17;58;37;20;16;2;46;0;63;7;39;9;70;
324;optimal;81;6248;0;0;13;0;21;44;30;31;51;56;62;1;68;0;11;70;66;79;11;53;56;46;76;40;66;21;36;80;9;40;81;
325;optimal;67;54112;0;13;0;7;8;0;21;16;38;1;16;47;38;48;60;27;40;50;54;48;58;40;61;59;28;8;31;64;9;24;67;
326;optimal;53;76622;0;0;9;4;19;25;3;29;12;0;11;15;38;38;46;46;13;23;30;28;45;29;25;15;42;10;30;1;36;0;53;
327;optimal;66;9903;0;0;0;9;9;11;34;28;6;19;2;29;45;22;34;13;40;0;45;11;48;60;55;40;32;19;50;11;50;60;66;
328;optimal;64;30992;0;0;19;18;25;10;3;32;25;29;46;0;21;61;55;28;56;37;42;36;46;36;44;18;41;46;30;13;0;21;64;
329;optimal;66;436319;0;10;20;15;10;25;8;24;25;43;0;57;31;49;53;49;31;39;27;48;18;39;0;8;2;9;31;5;15;57;66;
330;optimal;69;95727;0;0;10;22;25;30;11;40;18;10;18;35;35;23;50;59;34;31;44;50;32;14;51;31;62;44;0;55;0;60;69;
331;optimal;72;50003;0;2;4;14;8;40;2;21;31;18;0;6;48;61;58;56;64;40;50;16;13;16;30;6;0;56;23;61;14;14;72;
332;optimal;72;54643;0;0;9;12;0;10;38;2;47;22;55;44;26;13;38;57;65;42;35;22;50;47;9;2;13;35;16;0;55;26;72;
333;optimal;57;149543;0;0;0;0;22;8;11;20;0;28;9;36;37;9;22;12;44;46;51;38;28;31;51;16;56;46;11;18;48;28;57;
334;optimal;76;1889354;0;0;0;13;7;13;23;9;26;6;40;37;23;46;16;18;52;44;32;30;6;38;1;52;0;62;67;52;73;62;76;
335;optimal;77;50566;0;0;8;8;40;25;25;33;8;0;33;40;0;48;11;32;56;52;17;42;48;13;56;48;65;67;66;69;17;71;77;
336;optimal;74;46;0;0;20;5;0;53;32;48;11;15;59;18;40;26;53;61;68;32;16;40;39;61;7;6;40;0;18;20;10;71;74;
337;optimal;65;17808;0;0;1;9;10;19;21;42;48;55;0;60;10;64;33;33;25;10;25;40;47;0;27;8;37;27;54;16;54;4;65;
338;optimal;74;58361;0;0;1;8;17;26;34;35;38;51;60;63;46;45;36;10;13;53;36;60;0;72;50;9;8;36;17;2;24;63;74;
339;optimal;88;249;0;0;0;21;7;6;8;29;0;16;54;12;46;40;29;29;64;44;54;64;63;80;19;72;65;37;15;37;75;5;88;
340;optimal;80;5342;0;1;29;6;18;7;7;23;0;27;14;0;65;41;43;31;54;67;77;68;41;51;68;59;57;31;48;28;61;18;80;
341;optimal;68;469858;0;0;30;0;34;10;33;37;8;50;16;20;39;58;50;44;58;42;63;47;50;26;67;0;25;42;16;37;30;20;68;
342;optimal;61;11466;0;8;0;9;0;10;28;32;18;36;45;38;32;16;34;26;39;9;0;54;50;38;46;39;28;58;46;42;26;18;61;
343;optimal;67;199515;0;0;10;18;24;0;19;13;40;35;37;31;13;33;28;45;43;49;63;36;56;55;19;28;45;17;48;60;33;9;67;
344;optimal;67;464078;0;0;0;13;9;29;13;19;18;47;32;37;18;24;52;25;26;27;48;45;10;14;47;58;39;18;27;0;39;55;67;
345;optimal;57;2723955;0;7;0;14;9;7;26;12;18;12;34;32;34;16;17;0;44;17;47;39;26;45;53;36;44;26;20;55;47;0;57;
346;optimal;65;15621;0;0;0;24;6;20;30;8;10;39;18;20;49;24;50;7;50;55;50;34;56;30;38;60;39;47;7;18;1;0;65;
347;optimal;64;800265;0;14;14;0;10;24;35;22;25;32;20;43;22;14;47;44;53;47;53;55;35;34;48;16;34;0;10;2;1;62;64;
348;optimal;85;8904;0;2;1;0;2;6;30;7;7;23;57;41;1;67;51;37;51;57;16;75;76;16;70;47;23;76;57;42;33;63;85;
349;optimal;75;6357;0;0;23;0;41;34;32;8;24;13;38;5;22;40;49;13;0;61;41;73;65;58;73;32;51;37;65;23;0;49;75;
350;optimal;72;1983;0;0;0;14;10;4;3;4;41;20;21;48;7;42;49;25;33;26;33;15;30;54;37;33;53;21;61;49;71;61;72;
351;optimal;69;3436;0;0;4;7;18;19;20;7;51;12;41;30;61;32;61;51;27;34;67;61;15;13;51;41;64;34;0;54;35;12;69;
352;optimal;66;74435;0;3;16;25;18;33;8;26;16;25;26;37;43;52;35;43;52;60;57;50;56;35;10;64;0;3;17;54;43;0;66;
353;optimal;69;2311;0;4;8;32;0;3;24;18;1;1;9;24;32;1;51;4;30;3;42;56;65;9;25;65;58;38;15;11;51;44;69;
354;optimal;69;22994;0;0;7;21;15;11;15;44;22;0;39;31;40;2;0;66;50;57;58;22;40;67;49;24;35;57;7;30;3;62;69;
355;optimal;60;19448;0;1;0;7;9;12;23;15;20;12;0;31;14;15;33;42;42;29;29;7;50;48;52;35;42;58;36;14;4;52;60;
356;optimal;72;177895;0;0;9;19;28;40;53;45;63;36;70;44;60;65;28;57;25;16;9;26;57;2;6;0;45;44;0;40;35;50;72;
357;optimal;68;74357;0;1;9;0;13;15;21;13;0;7;35;0;25;44;51;53;25;34;61;46;35;61;19;53;20;41;28;63;9;43;68;
358;optimal;70;62204;0;0;14;8;7;34;54;41;45;45;18;54;34;63;64;66;69;27;1;24;1;45;18;67;14;64;34;43;5;52;70;
359;optimal;56;171865;0;0;22;1;33;30;14;37;44;38;32;50;55;55;33;8;0;38;3;42;14;38;15;45;3;0;22;47;9;10;56;
360;optimal;66;23853;0;0;7;8;8;14;16;24;31;39;37;49;50;57;50;45;30;49;29;56;37;43;22;51;0;45;0;10;14;24;66;
361;optimal;68;155166;0;1;5;12;13;18;29;7;34;44;26;47;52;60;44;26;52;13;34;13;57;5;64;14;15;29;67;22;54;0;68;
362;optimal;66;261501;0;0;9;13;16;19;39;40;50;48;32;29;57;56;29;35;8;42;57;9;0;40;16;32;25;42;50;11;18;58;66;
363;optimal;62;69639;0;0;4;0;10;1;28;18;1;29;39;44;34;39;52;34;52;18;61;46;9;32;54;52;3;32;28;19;28;52;62;
364;optimal;67;7014;0;4;4;4;27;0;9;34;0;17;11;9;15;43;5;17;17;42;60;52;50;59;42;26;45;16;41;52;34;53;67;
366;optimal;55;30602;0;6;10;3;0;0;9;0;2;42;2;32;16;24;48;49;44;30;25;30;16;32;16;48;42;27;36;44;8;24;55;
367;optimal;66;2668686;0;8;10;30;20;56;1;0;45;56;22;16;45;46;58;65;35;49;40;61;57;46;33;30;27;1;8;16;27;0;66;
368;optimal;50;266937;0;0;7;12;0;14;5;0;14;3;17;31;1;1;22;37;40;31;37;21;26;20;35;22;14;10;7;40;3;12;50;
369;optimal;70;16386;0;0;16;2;7;25;0;29;19;35;24;40;5;40;45;55;60;49;25;13;45;19;68;24;59;5;50;49;31;55;70;
370;optimal;62;201905;0;0;2;9;23;39;44;0;47;7;8;2;54;59;27;50;31;16;39;17;23;54;24;38;30;50;59;17;47;0;62;
371;optimal;45;228180;0;1;8;1;0;11;2;3;13;9;9;8;11;0;29;12;31;15;36;23;15;36;3;24;20;21;20;24;36;5;45;
372;optimal;49;617277;0;0;2;0;7;1;12;27;34;9;9;41;25;31;15;15;7;25;14;0;17;18;2;41;41;3;44;7;44;27;49;
376;optimal;60;35054;0;4;12;1;17;6;0;7;39;44;21;4;1;12;43;53;59;32;40;27;28;17;49;53;12;33;21;40;0;18;13;60
377;optimal;57;10075;0;7;11;2;29;0;2;9;45;49;39;33;33;32;19;38;56;39;45;11;49;29;22;43;1;13;0;41;53;19;9;57
378;optimal;73;46;0;0;17;0;24;6;10;40;49;57;43;25;1;10;30;44;66;43;55;47;64;24;7;29;6;9;0;17;9;33;17;73
379;optimal;74;6123;0;17;21;1;35;35;26;25;45;52;24;56;17;21;42;65;56;68;26;35;47;60;7;8;7;18;53;0;0;45;65;74
380;optimal;74;78;0;7;21;0;41;5;30;6;51;62;24;56;61;0;51;71;71;67;28;32;24;28;41;14;73;56;8;5;37;21;13;74
381;optimal;79;827;0;0;14;7;21;46;19;0;24;32;26;41;1;28;15;58;51;47;62;57;71;77;53;38;71;78;24;62;14;61;45;79
382;optimal;74;8966;0;0;14;16;16;0;21;39;54;64;27;34;0;3;6;40;73;39;58;48;8;15;28;3;14;68;43;50;2;18;26;74
383;optimal;61;108287;0;0;1;1;23;6;2;7;33;45;10;9;33;23;13;38;54;42;52;55;11;10;35;35;8;1;28;45;0;23;14;61
384;optimal;53;608435;0;0;2;2;8;35;0;46;25;34;8;21;0;43;25;48;51;46;21;36;36;47;15;18;52;8;14;25;14;6;25;53
385;optimal;59;511005;0;2;6;0;21;0;18;17;31;46;11;41;54;10;0;54;57;55;21;36;42;58;18;10;1;30;46;46;16;55;28;59
386;optimal;73;7322627;0;21;23;0;33;6;9;7;43;49;58;16;26;8;39;53;62;63;64;56;21;8;43;32;0;0;9;5;1;39;13;73
387;optimal;69;11764991;0;5;13;34;19;1;2;12;29;34;53;29;0;43;40;50;43;53;60;6;46;2;59;12;59;34;53;18;0;40;26;69
388;optimal;58;8580941;0;17;18;30;22;22;6;16;24;47;37;34;0;56;27;57;56;50;49;16;30;49;37;42;34;24;6;0;0;27;8;58
389;optimal;59;150464;0;4;5;16;24;6;11;1;18;28;6;9;0;16;25;43;0;17;27;35;17;9;33;48;33;48;49;58;49;38;51;59
390;optimal;67;62;0;0;25;19;0;34;10;34;19;22;42;0;6;13;10;59;49;16;42;49;38;16;49;28;44;0;49;49;57;11;0;67
391;optimal;82;14730;0;0;10;45;55;17;4;53;33;47;10;62;38;27;27;57;38;76;65;17;30;49;68;67;17;76;30;40;0;55;28;82
392;optimal;61;88229;0;0;17;2;18;18;40;0;5;8;23;34;8;2;13;27;24;46;34;51;5;27;42;51;46;36;9;13;17;57;40;61
393;optimal;84;81543;0;24;0;32;42;17;42;19;47;57;0;0;10;10;11;65;47;47;63;74;32;74;66;37;21;59;24;12;75;57;72;84
394;optimal;44;10312833;0;8;1;8;0;11;12;6;2;28;2;5;23;34;16;34;24;41;25;18;36;36;23;31;16;12;0;17;43;22;34;44
395;optimal;67;13387;0;0;5;10;9;18;4;21;27;14;28;33;41;18;7;48;50;41;59;40;27;13;21;18;30;13;48;55;0;4;41;67
396;optimal;64;151292;0;0;5;9;0;14;4;10;25;16;31;37;55;41;16;62;31;51;46;27;25;41;7;61;51;9;10;23;46;36;28;64
397;optimal;62;15507552;0;8;0;1;44;13;27;2;32;45;17;18;15;7;6;51;47;55;58;34;47;40;32;24;40;0;24;10;17;60;60;62
398;optimal;65;64241702;0;10;0;33;22;28;35;1;3;16;35;20;0;42;2;41;41;51;58;48;54;11;57;27;58;42;16;10;0;12;14;65
399;optimal;62;172443;0;8;2;1;16;0;4;23;24;6;0;3;14;13;43;26;18;22;28;35;24;18;53;27;37;53;37;38;43;30;32;62
400;optimal;60;86370;0;0;2;10;22;11;13;24;30;8;15;29;47;15;28;56;37;22;13;49;0;30;50;57;29;47;57;58;35;32;59;60
401;optimal;64;384550;0;0;4;9;9;33;18;2;29;0;31;47;7;3;0;36;54;44;41;19;27;18;42;18;33;31;54;54;0;27;12;64
402;optimal;68;84870;0;0;3;10;2;0;9;11;2;35;18;13;22;3;13;20;0;31;49;54;45;19;36;43;26;54;58;63;51;35;49;68
403;optimal;90;20995;0;0;7;20;4;22;39;0;52;62;13;66;53;0;31;44;66;82;39;89;44;34;74;65;53;67;10;28;0;59;4;90
404;optimal;57;307990;0;10;20;19;26;25;30;0;35;26;0;0;31;38;46;34;28;41;44;34;28;46;37;9;14;37;28;19;54;51;1;57
405;optimal;70;12809;0;0;1;5;10;17;3;14;5;11;10;40;0;31;21;17;11;1;46;21;53;31;61;44;55;53;55;46;53;40;60;70
406;optimal;66;4592;0;0;19;0;16;20;20;23;27;32;0;40;48;50;32;31;11;3;7;56;42;48;33;33;56;51;16;56;50;41;29;66
407;optimal;65;286698;0;0;18;32;10;36;34;18;40;10;55;44;23;21;29;0;21;57;36;49;26;20;0;40;0;26;20;35;32;45;57;65
408;optimal;59;74788248;0;0;16;37;28;37;47;28;49;44;44;9;27;8;56;0;39;9;8;38;32;32;39;19;51;51;10;35;17;35;0;59
409;optimal;77;382191;0;4;15;3;22;40;50;22;64;55;0;8;50;72;55;43;30;60;64;40;32;40;71;50;72;30;57;7;15;0;63;77
410;optimal;68;20402969;0;0;8;21;21;30;39;57;61;43;65;12;33;35;49;13;5;50;35;41;35;0;49;19;61;8;60;50;13;0;23;68
411;optimal;61;57267;0;0;24;10;28;30;33;42;18;44;55;27;54;53;11;35;55;20;31;13;13;48;0;51;10;27;0;48;0;27;41;61
412;optimal;67;7974254;0;0;16;20;20;25;24;0;34;3;33;0;9;51;57;44;54;44;36;13;16;13;54;9;24;38;60;41;36;18;44;67
413;optimal;63;63282;0;0;11;12;19;33;12;42;41;21;9;34;51;55;52;19;34;47;7;42;13;28;6;7;32;28;15;0;52;5;58;63
414;optimal;71;2022306;0;2;10;0;31;40;46;49;60;22;12;40;17;31;13;52;0;26;22;22;66;0;52;62;12;46;30;52;13;49;17;71
415;optimal;80;62;0;4;14;35;35;50;60;61;67;0;53;70;30;61;76;50;46;46;52;9;4;0;0;79;38;24;30;17;21;26;59;80
416;optimal;72;113051;0;10;17;32;42;58;17;10;33;63;51;34;65;33;36;6;16;2;38;0;23;42;12;52;23;11;65;26;13;0;58;72
417;optimal;58;1020963;0;0;10;0;1;29;48;20;44;48;12;8;10;56;44;53;17;54;34;53;29;7;37;37;51;44;12;0;27;34;24;58
418;optimal;72;206342;0;0;6;15;7;11;41;39;34;27;37;33;0;48;68;57;65;55;41;48;47;27;10;0;55;62;59;0;19;19;6;72
419;optimal;63;22463;0;1;13;7;13;9;24;0;0;3;0;18;13;31;33;44;29;43;49;31;54;33;19;44;40;18;24;30;54;18;3;63
420;optimal;74;15761;0;0;12;0;6;21;19;28;12;18;40;53;4;44;55;69;59;44;49;41;34;55;13;53;24;65;42;34;40;31;49;74
421;optimal;68;23885;0;0;0;6;14;5;0;21;22;21;26;29;6;11;38;44;12;14;7;33;48;63;25;38;65;53;38;21;53;33;50;68
422;optimal;60;16308;0;8;3;1;11;24;0;15;8;35;0;27;41;35;25;32;53;20;53;42;8;18;49;43;25;20;49;3;27;2;45;60
423;optimal;66;12739731;0;0;2;12;42;57;61;21;55;10;55;24;47;8;30;43;35;0;42;20;26;51;27;35;61;40;12;21;21;13;0;66
424;optimal;70;39037;0;0;2;11;0;22;11;7;42;34;21;42;34;4;44;47;4;7;43;58;55;64;33;29;21;18;52;29;65;8;16;70
425;optimal;72;83261;0;0;11;16;15;0;1;36;26;27;43;40;34;13;44;37;16;53;16;10;15;44;4;1;61;61;53;68;64;26;36;72
426;optimal;71;81824;0;0;7;19;7;0;26;0;32;38;47;26;10;28;11;3;40;58;56;38;63;50;20;19;46;50;38;0;52;41;47;71
427;optimal;75;17792;0;0;0;38;40;12;47;56;33;34;0;5;63;44;73;36;56;38;25;33;10;10;66;63;1;47;58;72;20;19;29;75
428;optimal;59;517550;0;9;0;6;11;12;13;35;31;23;24;0;0;38;35;37;48;53;44;47;14;24;38;32;6;15;34;44;44;26;22;59
429;optimal;65;245239;0;3;15;30;3;21;8;1;0;0;13;16;21;33;56;43;47;20;51;43;2;31;15;56;41;61;44;21;41;28;12;65
430;optimal;64;33320;0;0;1;8;10;1;0;11;36;22;12;29;36;40;22;36;50;59;52;53;62;53;8;17;46;16;55;0;54;56;31;64
431;optimal;62;46489;0;0;1;12;0;19;24;33;16;39;24;12;12;42;47;56;2;51;32;2;59;34;48;38;57;61;35;22;59;19;42;62
432;optimal;64;281246;0;0;1;9;23;24;33;17;39;0;50;39;63;49;33;22;54;44;57;33;48;21;25;26;17;0;57;9;17;47;39;64
433;optimal;60;224634;0;6;14;17;6;22;0;23;25;3;25;35;38;31;11;0;54;45;39;36;26;54;31;42;22;8;50;25;59;6;14;60
434;optimal;73;59345;0;21;0;10;30;7;55;16;0;7;1;21;30;3;65;41;40;17;16;48;57;64;57;48;67;55;55;32;30;35;6;73
435;optimal;69;14277;0;0;18;23;31;35;32;31;35;45;47;0;18;48;55;9;0;10;65;55;48;35;21;47;44;55;57;21;39;45;63;69
436;optimal;63;129500;0;0;2;7;8;20;23;30;36;44;10;12;31;50;41;38;47;21;56;28;44;15;23;56;30;47;8;44;0;0;62;63
437;optimal;57;187;0;2;6;7;16;21;21;4;41;30;9;0;44;33;43;37;45;0;29;18;45;6;53;49;8;29;44;38;20;26;32;57
438;optimal;64;21432;0;0;1;4;6;3;2;3;1;10;13;20;25;5;30;57;49;25;30;59;40;30;7;9;9;59;53;22;39;49;18;64
439;optimal;56;163367;0;0;5;25;5;0;30;11;23;0;42;28;30;19;52;40;32;55;11;10;47;11;47;19;44;40;36;30;21;25;14;56
440;optimal;74;10310;0;0;1;2;29;32;49;11;32;22;12;55;51;55;21;42;12;60;60;60;49;70;52;30;19;21;42;42;2;36;30;74
441;optimal;74;31;0;2;29;35;47;8;44;48;56;2;15;62;64;5;70;36;49;64;48;26;9;19;52;0;56;0;35;37;73;20;0;74
442;optimal;68;135546;0;9;1;0;28;14;9;21;44;59;25;20;51;65;47;21;59;35;43;25;51;43;42;9;34;30;35;14;14;22;0;68
443;optimal;71;6795;0;0;1;8;2;5;24;13;8;6;12;32;19;24;2;23;49;46;5;0;54;24;61;42;54;42;60;20;33;54;8;71
444;optimal;69;156025;0;0;4;13;14;19;27;37;48;14;63;46;46;37;28;59;26;19;18;26;39;9;48;56;0;56;0;63;21;30;41;69
445;optimal;75;36475;0;0;1;2;4;2;21;22;25;34;42;44;52;56;62;14;64;64;54;73;69;44;56;12;34;12;29;44;4;12;25;75
446;optimal;84;11512;0;0;3;4;5;15;16;26;32;40;49;57;60;57;78;28;80;68;16;60;51;70;20;68;39;0;32;49;5;0;16;84
447;optimal;75;4748;0;0;7;11;15;23;27;28;36;39;41;44;53;34;28;61;47;63;72;53;56;73;24;29;5;62;14;5;15;39;6;75
448;optimal;76;715144;0;27;9;19;4;0;18;20;32;53;0;58;18;45;21;63;48;34;21;45;66;31;45;66;35;58;26;53;9;43;9;76
449;optimal;72;14730;0;0;0;3;13;0;3;2;35;1;44;26;5;53;32;53;12;45;64;58;35;35;37;26;51;43;53;7;16;16;61;72
450;optimal;64;2093;0;0;12;13;5;0;12;33;0;1;24;30;5;24;47;31;27;39;58;47;42;47;33;55;32;45;55;60;42;15;19;64
451;optimal;59;36210;0;0;0;0;25;8;22;26;30;4;25;34;22;8;27;12;17;30;48;8;48;53;50;38;52;19;34;53;32;57;54;59
452;optimal;70;148761;0;0;14;22;5;15;6;53;30;15;37;0;62;60;20;54;49;44;54;44;37;30;45;51;64;26;20;14;22;3;43;70
453;optimal;73;7498;0;2;4;0;11;11;28;3;0;39;30;23;17;37;49;12;21;0;27;49;55;39;65;67;61;39;30;49;51;60;17;73
454;optimal;63;1356322;0;8;8;33;17;25;5;8;0;5;27;15;51;31;25;48;46;40;42;28;59;17;41;45;0;12;35;54;28;10;20;63
455;optimal;72;8435;0;0;7;13;0;32;7;39;32;15;9;7;24;50;28;17;15;47;65;48;55;59;47;39;50;27;48;61;68;0;13;72
456;optimal;59;1049878;0;8;1;0;3;14;6;32;10;20;32;16;6;20;17;36;22;28;49;58;50;22;44;46;42;49;17;44;0;0;57;59
457;optimal;53;339076;0;0;5;7;6;25;0;10;22;0;2;7;22;15;31;29;34;33;31;44;32;39;41;50;25;52;14;15;23;44;26;53
458;optimal;61;398078;0;0;0;28;10;0;39;50;51;19;19;4;57;57;50;51;32;46;22;16;51;39;20;44;29;10;0;32;21;13;29;61
459;optimal;73;1466249;0;0;32;11;27;32;0;57;39;11;46;39;63;55;62;27;22;10;24;50;14;0;57;24;44;71;46;50;3;29;21;73
460;optimal;69;1015;0;0;9;0;15;0;10;17;6;10;39;16;39;24;34;0;49;45;52;56;64;60;40;25;62;29;52;17;45;67;60;69
461;optimal;84;23057;0;0;0;41;16;0;17;17;10;40;1;10;64;27;41;57;54;3;22;31;34;5;70;48;70;54;48;80;42;81;16;84
462;optimal;65;7482;0;7;1;4;28;0;28;35;0;7;7;35;18;26;0;12;36;17;39;28;47;47;52;42;63;63;57;10;57;44;24;65
463;optimal;60;181332;0;0;0;0;3;4;25;5;20;13;27;8;16;12;50;24;29;32;51;51;29;18;22;35;25;44;55;28;42;13;20;60
464;optimal;61;21229;0;6;5;5;5;8;11;11;17;6;29;27;16;0;9;20;31;19;0;43;43;52;57;31;51;42;21;29;41;37;17;61
465;optimal;73;22182;0;0;0;13;1;0;23;6;10;23;19;44;8;1;38;50;13;34;29;29;63;58;55;63;50;58;45;40;33;38;68;73
466;optimal;69;24509;0;0;5;13;0;20;13;31;13;10;0;6;31;47;23;0;55;63;56;40;45;29;55;23;39;68;45;43;56;46;47;69
467;optimal;59;61298;0;0;1;10;10;10;12;16;19;18;20;28;20;17;0;44;57;37;35;28;47;52;44;28;35;16;37;52;25;37;50;59
468;optimal;60;48519;0;0;3;16;8;12;2;16;34;34;27;42;43;32;9;0;37;53;51;25;53;37;55;44;36;25;0;9;59;19;54;60
469;optimal;54;1843770;0;0;14;24;42;24;6;43;30;44;46;36;26;42;50;14;2;46;33;22;16;33;0;34;6;18;17;2;1;0;12;54
470;optimal;58;2448550;0;0;3;16;45;42;49;26;26;37;0;57;26;38;49;52;6;43;57;29;35;8;11;37;5;18;5;42;0;11;29;58
471;optimal;69;79059;0;0;1;13;19;13;6;33;54;16;8;55;58;24;34;9;42;16;58;65;58;43;52;33;12;45;55;0;45;24;24;69
472;optimal;66;2795109;0;3;11;21;30;49;17;36;55;58;38;46;39;10;55;17;22;56;55;39;38;46;31;21;0;10;28;10;21;56;0;66
473;optimal;63;383566;0;13;17;24;36;52;24;9;61;18;26;34;30;58;25;9;32;16;18;59;14;2;32;0;0;52;13;45;44;40;13;63
474;optimal;57;4261688;0;0;19;26;11;43;47;1;52;48;44;32;38;51;26;26;3;30;39;28;39;31;2;55;9;47;43;0;10;55;0;57
475;optimal;56;5431397;0;2;12;20;28;36;0;12;9;50;46;16;28;52;36;46;33;50;16;33;10;25;0;18;18;38;20;44;10;19;9;56
476;optimal;56;5062952;0;7;20;2;16;20;0;27;40;37;48;55;51;44;54;45;8;48;45;37;13;34;35;7;0;0;7;26;20;27;34;56
477;optimal;57;107132596;0;13;24;15;29;37;15;47;34;10;24;49;41;38;39;10;24;38;28;0;3;48;47;17;38;22;14;6;34;0;6;57
478;optimal;51;1356666;0;0;2;7;4;7;8;20;30;15;4;43;42;33;20;20;43;8;6;3;23;23;14;0;0;5;10;37;15;37;0;51
479;optimal;64;711020;0;0;8;21;22;24;33;17;43;8;54;53;63;42;31;21;43;32;48;58;37;43;24;24;17;8;48;0;11;23;53;64
480;optimal;63;118628;0;0;2;5;8;16;17;22;0;34;6;9;40;47;31;25;37;40;56;17;37;25;15;57;22;47;5;55;47;33;0;63
481;optimal;59;46;0;0;2;3;21;26;30;0;42;30;33;4;44;33;47;26;48;26;12;24;45;2;55;52;13;12;38;41;14;12;27;59
482;optimal;66;20057;0;0;2;14;14;23;0;7;25;11;26;37;48;25;14;55;55;45;65;27;28;6;31;19;37;6;54;61;35;0;45;66
483;optimal;73;22479;0;0;0;4;5;12;13;23;25;32;39;40;51;35;63;59;50;53;13;32;25;63;17;40;25;12;43;51;63;1;13;73
484;optimal;62;67328523;0;0;18;7;13;2;10;11;14;0;8;10;18;11;2;28;27;0;21;20;30;21;37;40;30;48;55;40;54;30;45;62
485;optimal;71;63360;0;15;10;20;24;0;26;29;0;0;40;15;20;1;40;33;34;42;29;48;55;62;55;48;65;55;46;30;24;42;4;71
486;optimal;64;12106;0;0;7;1;15;0;2;0;9;1;31;24;6;38;38;56;14;35;56;18;43;42;10;24;7;33;43;17;49;50;18;64
487;optimal;53;111583;0;10;6;10;19;15;0;10;15;0;0;40;15;12;43;44;48;41;34;29;20;35;20;42;22;21;27;34;21;35;24;53
488;optimal;64;57752598;0;2;18;7;15;20;8;10;19;0;19;12;10;12;0;24;0;20;22;25;26;33;33;42;41;57;50;41;33;57;51;64
489;optimal;47;1297992;0;0;6;4;13;11;0;10;24;37;23;7;0;12;0;17;46;41;28;35;37;21;20;30;20;41;28;12;12;41;20;47
490;optimal;52;1849269;0;1;10;15;26;0;3;2;36;40;20;21;2;5;0;49;49;37;43;43;5;1;33;43;50;15;26;26;51;34;26;52
491;optimal;50;3484994;0;1;6;11;17;32;6;5;27;31;16;17;5;13;11;38;40;32;40;16;38;41;22;42;0;42;33;33;49;13;42;50
492;optimal;53;2003373;0;2;10;16;15;15;27;1;34;41;21;34;15;16;0;49;50;46;22;34;27;52;31;2;51;21;39;41;0;31;38;53
493;optimal;51;511833;0;5;12;0;17;5;6;13;27;31;20;20;25;34;31;41;40;34;25;45;41;21;41;26;39;14;5;17;25;22;5;51
494;optimal;50;1355119;0;7;12;25;17;2;0;0;27;31;33;13;27;7;34;47;49;44;40;11;3;9;40;40;12;3;18;10;1;9;18;50
495;optimal;48;1600515;0;2;6;6;15;1;16;15;25;32;15;32;26;10;0;38;47;39;16;41;11;47;16;32;0;26;29;29;37;45;37;48
496;optimal;53;9138;0;14;0;9;18;12;24;0;15;0;2;9;2;25;6;18;43;28;51;33;30;33;15;28;38;18;43;7;33;43;12;53
497;optimal;52;23744;0;0;6;11;12;35;21;19;1;23;11;0;7;42;0;35;42;29;40;42;45;18;21;42;35;29;27;6;42;17;10;52
498;optimal;78;24369;0;7;0;15;33;24;38;22;67;1;34;24;30;30;0;71;44;54;59;61;70;73;41;57;10;18;49;17;0;41;32;78
499;optimal;89;187;0;13;42;43;8;64;67;23;37;27;14;21;3;64;0;52;69;56;61;79;79;59;48;27;73;8;0;37;42;1;46;89
500;optimal;42;12763490;0;0;0;6;17;4;10;10;1;12;18;18;22;24;16;25;27;37;32;17;37;27;34;27;1;4;14;9;27;12;40;42
501;optimal;47;11555960;0;0;0;33;23;3;10;16;18;28;0;10;1;10;22;38;23;29;39;28;18;34;39;36;23;16;21;41;23;13;45;47
502;optimal;52;5212276;0;3;0;13;6;1;17;3;23;26;6;11;1;33;0;33;40;23;40;23;47;42;42;28;6;11;38;28;6;36;50;52
503;optimal;43;58757070;0;2;0;17;28;12;22;9;33;3;10;11;3;5;1;36;28;33;38;28;17;20;25;12;12;3;20;38;25;8;1;43
504;optimal;48;68265753;0;11;0;23;12;33;21;0;12;17;4;21;15;12;32;26;38;43;31;33;29;38;29;21;27;23;15;33;2;2;0;48
505;optimal;44;1827758;0;0;8;19;14;14;22;0;11;2;22;11;8;8;10;31;19;36;39;29;41;17;28;29;39;2;0;9;28;29;39;44
506;optimal;58;8406559;0;4;0;1;38;43;14;0;10;29;20;0;2;50;27;43;48;43;48;28;55;50;6;35;45;4;6;53;4;53;27;58
507;optimal;53;1358993;0;0;2;2;30;12;37;27;27;0;17;6;10;24;11;30;17;38;35;43;35;19;35;43;5;29;3;24;27;17;0;53
508;optimal;62;209638;0;10;0;5;26;29;0;18;27;29;10;1;5;34;47;42;33;41;54;33;52;27;33;10;0;42;47;10;20;19;53;62
509;optimal;74;9450;0;0;10;3;0;0;22;31;20;22;43;55;65;65;40;63;40;30;56;49;43;56;33;27;23;27;43;53;12;30;31;74
510;optimal;55;1038069;0;0;15;1;31;24;13;0;21;10;19;19;24;33;43;48;25;33;40;32;48;15;40;8;15;19;2;2;48;0;16;55
511;optimal;63;3506818;0;10;6;6;0;16;24;52;48;47;38;0;58;62;28;48;43;58;16;13;43;33;42;22;14;52;9;55;34;34;10;63
512;optimal;61;178317;0;12;0;6;8;21;43;30;23;19;30;31;20;9;31;59;39;21;52;50;41;43;37;14;49;22;55;9;0;60;0;61
513;optimal;53;312161;0;15;0;24;16;8;29;16;0;22;45;24;8;37;39;51;52;38;39;50;29;34;45;35;25;27;34;1;47;30;52;53
514;optimal;60;154042;0;0;12;7;17;0;37;17;2;26;48;35;46;51;28;54;58;21;30;27;51;54;43;12;0;1;26;45;7;27;30;60
515;optimal;66;1130454;0;3;9;35;17;0;9;7;13;0;26;41;23;47;43;43;26;17;61;41;31;13;46;61;23;53;0;52;15;51;10;66
516;optimal;64;81324;0;15;25;19;18;15;1;5;31;27;2;0;19;15;9;34;34;11;0;41;57;48;57;41;25;54;32;51;32;9;1;64
517;optimal;71;24082045;0;0;0;9;25;9;11;2;41;2;12;26;26;17;39;35;52;46;38;46;13;11;17;32;52;35;60;65;52;62;65;71
518;optimal;60;1310614;0;6;0;6;23;8;10;40;0;27;30;41;49;0;20;48;33;55;40;12;30;14;53;40;20;55;36;23;56;14;14;60
519;optimal;59;2987659;0;7;0;0;15;7;0;26;29;10;45;57;40;26;55;55;32;6;18;17;32;21;29;1;54;47;46;37;30;40;18;59
520;optimal;62;3651395;0;0;8;20;8;14;37;7;8;0;48;48;57;20;51;16;27;48;35;30;20;61;51;4;7;41;41;44;41;0;57;62
522;optimal;61;12783911;0;0;17;0;52;33;41;2;38;12;50;55;52;39;47;38;23;33;25;53;5;22;9;43;1;33;13;0;56;47;17;61
524;optimal;73;5605280;0;6;37;0;9;0;42;36;21;28;26;12;36;17;0;9;52;55;50;45;65;45;28;61;48;63;65;17;68;42;23;73
525;optimal;58;99070;0;1;11;21;7;12;1;5;39;17;31;21;39;28;17;34;12;30;49;41;44;51;49;47;48;5;34;0;0;41;51;58
526;optimal;69;430164;0;0;0;18;11;37;1;21;0;16;43;26;50;7;30;0;43;60;34;64;56;34;37;64;21;50;54;7;7;14;15;69
527;optimal;71;570397;0;6;25;3;16;8;1;7;34;20;6;0;0;29;12;42;35;34;36;16;58;48;42;67;50;38;41;70;67;58;58;71
528;optimal;73;412465;0;0;30;0;0;28;40;5;15;9;45;45;38;9;63;71;52;38;56;28;53;61;43;17;23;48;30;62;63;57;5;73
529;optimal;59;13396689;0;20;32;9;0;46;36;43;18;21;7;8;23;0;15;29;53;41;25;35;53;54;15;20;58;36;4;38;54;46;0;59
530;optimal;60;193486;0;11;1;6;11;11;9;0;32;43;39;38;55;54;22;32;19;47;32;48;48;0;39;38;10;29;43;55;19;0;24;60
531;optimal;76;386237;0;1;40;34;49;11;17;0;18;21;25;0;65;58;55;41;65;70;41;34;26;48;70;71;59;59;32;10;10;4;11;76
532;optimal;58;2247567;0;5;5;21;13;36;26;31;7;0;0;31;53;55;21;53;39;41;45;47;26;41;18;51;14;55;36;40;31;47;18;58
534;optimal;65;17902;0;25;15;34;0;7;19;39;12;27;46;27;19;16;15;2;29;49;60;64;50;63;60;38;54;64;54;47;25;0;50;65
535;optimal;66;346465;0;0;16;9;28;0;35;19;32;50;34;9;1;46;45;22;40;34;55;65;57;49;50;63;55;55;40;0;1;48;44;66
536;optimal;66;2136405;0;7;24;32;0;17;9;34;26;53;16;20;42;52;44;20;42;61;53;32;58;0;62;36;34;2;9;11;2;45;10;66
537;optimal;66;4144170;0;0;2;14;5;47;31;22;11;0;0;7;52;24;63;56;60;47;24;14;55;33;31;56;40;14;33;38;11;52;28;66
538;optimal;54;3881543;0;0;21;28;20;17;13;16;0;24;0;5;34;45;35;29;43;43;27;52;45;20;24;45;1;51;10;11;11;45;5;54
539;optimal;58;4510177;0;5;20;5;49;23;0;22;30;50;45;36;50;28;47;35;49;35;20;10;10;14;41;19;1;22;30;1;17;28;0;58
540;optimal;65;323986;0;0;0;0;1;25;8;3;36;22;30;18;18;8;38;56;25;31;18;61;46;31;41;46;46;38;55;30;9;55;62;65
541;optimal;66;451628;0;1;0;1;1;11;19;7;11;24;9;20;38;24;33;7;24;60;60;38;34;29;51;60;42;42;34;0;39;20;50;66
543;optimal;66;53549;0;0;0;8;15;0;9;3;30;38;38;42;25;48;48;43;14;22;51;48;32;12;56;15;22;30;43;55;62;65;39;66
544;optimal;57;4471436;0;4;2;14;30;44;4;13;4;36;1;44;28;37;23;51;49;47;51;26;37;1;22;49;51;11;30;8;14;28;0;57
545;optimal;64;24826988;0;20;20;17;32;1;24;29;10;53;37;0;20;57;51;58;35;43;30;0;1;10;24;43;8;54;53;57;20;26;28;64
546;optimal;59;4695726;0;20;33;0;12;10;38;33;49;20;0;45;38;39;55;50;32;49;26;47;55;1;39;12;26;1;13;7;48;22;8;59
547;optimal;63;76763;0;0;9;21;0;23;16;0;33;20;16;44;31;9;48;2;11;23;38;41;56;26;56;44;35;44;58;15;20;52;31;63
548;optimal;55;12497;0;1;3;0;2;4;10;1;4;25;35;7;25;35;51;46;25;51;37;52;33;45;14;18;6;0;11;9;16;37;45;55
549;optimal;55;1878606;0;0;21;0;10;32;37;19;42;18;0;10;22;50;44;22;37;50;53;26;37;18;9;13;53;49;43;0;47;29;11;55
550;optimal;73;292571;0;0;5;8;10;19;29;13;16;1;0;19;45;55;33;8;39;28;36;56;65;49;63;65;45;19;24;69;40;4;21;73
551;optimal;74;7342;0;1;2;14;15;25;0;1;41;50;10;59;65;26;59;16;34;5;49;26;50;36;0;66;10;30;43;35;59;45;28;74
553;optimal;71;136452;0;0;9;0;16;28;7;16;24;24;30;44;0;53;21;11;51;30;61;52;53;62;52;31;59;44;38;18;28;11;8;71
554;optimal;71;3674857;0;10;19;22;23;37;42;13;0;0;26;59;61;37;50;29;47;42;35;38;19;8;27;23;35;61;1;10;0;51;61;71
555;optimal;61;335718;0;0;6;18;28;34;38;43;10;46;22;22;50;45;27;55;26;12;20;28;12;50;0;24;33;50;36;6;57;18;0;61
556;optimal;54;544528;0;0;4;13;15;28;33;37;46;49;46;20;7;33;49;28;33;0;18;8;49;19;0;37;7;0;10;36;13;7;28;54
557;optimal;69;1584925;0;0;16;18;24;27;32;0;38;48;58;50;59;65;8;59;50;38;32;18;3;38;26;9;50;0;42;24;56;18;3;69
558;optimal;74;211977;0;0;7;26;0;30;39;18;30;20;55;0;61;48;66;66;55;68;64;39;68;37;22;48;20;15;10;40;72;64;10;74
559;optimal;69;39475;0;0;5;17;5;0;21;12;15;43;21;33;34;30;45;60;51;67;39;55;42;23;23;8;30;51;60;15;0;0;45;69
560;optimal;61;1793611;0;0;2;0;7;0;8;12;0;10;5;33;35;14;25;39;15;45;47;57;22;35;54;18;31;8;13;30;39;54;47;61
561;optimal;59;609294;0;0;0;13;9;0;26;17;43;47;27;7;40;44;10;34;48;55;57;55;46;48;22;9;26;33;0;52;57;18;27;59
562;optimal;51;9196359;0;0;3;16;18;11;27;20;38;20;30;45;8;45;41;19;27;31;8;11;0;2;41;2;23;4;1;41;49;39;1;51
563;optimal;73;6165194;0;1;16;38;7;48;58;15;71;40;20;66;25;58;50;10;25;33;25;61;39;34;56;46;0;40;33;43;56;0;1;73
564;optimal;65;160024;0;0;10;17;11;0;0;23;32;0;33;42;58;33;23;58;48;28;45;42;42;11;10;50;1;4;3;15;14;23;54;65
565;optimal;66;213137;0;0;16;0;22;35;16;40;5;7;20;0;13;49;35;33;56;27;40;65;51;40;64;49;26;30;51;9;24;35;56;66
566;optimal;63;644333;0;0;34;20;41;27;21;42;54;34;4;30;58;46;26;58;49;42;47;54;34;18;18;4;20;0;1;10;39;10;10;63
567;optimal;65;2404498;0;9;19;29;39;45;20;1;0;57;51;57;54;22;54;62;19;52;8;35;0;45;1;32;9;19;29;28;11;55;51;65
568;optimal;47;3664984;0;18;24;27;12;31;42;8;0;7;46;20;30;10;29;18;8;42;35;46;9;1;0;20;30;0;16;37;34;44;12;47
569;optimal;54;1895430;0;0;11;13;27;38;16;45;48;48;24;30;36;14;12;41;0;10;16;38;14;45;50;52;23;30;37;1;0;36;10;54
570;optimal;64;7131280;0;0;2;18;10;36;50;31;60;28;60;44;41;22;37;36;0;28;0;58;40;47;49;62;54;18;9;26;12;10;49;64
571;optimal;61;5016339;0;1;5;28;23;37;45;23;53;37;51;27;22;10;28;0;0;1;51;15;10;49;26;25;20;42;23;34;19;2;55;61
572;optimal;67;514113;0;0;18;21;28;50;51;39;49;58;36;51;60;57;37;18;0;21;9;47;27;9;0;47;27;12;39;58;49;36;12;67
573;optimal;78;26376640;0;0;2;15;34;36;0;40;12;12;60;12;45;45;33;48;22;53;68;68;22;36;24;62;54;24;32;17;33;62;50;78
574;optimal;70;2382191;0;0;9;25;25;31;34;5;15;61;34;29;41;29;53;62;12;37;15;31;9;0;62;23;41;43;15;0;15;51;43;70
575;optimal;65;1065265;0;0;19;21;26;31;41;24;38;43;0;56;31;32;41;53;58;46;9;8;32;48;48;14;0;21;45;56;18;16;1;65
576;optimal;63;11697052;0;0;21;34;9;19;26;39;47;46;42;55;56;53;53;31;34;27;54;60;26;0;45;13;0;0;7;13;21;11;56;63
577;optimal;67;3997640;0;8;24;0;32;12;24;47;54;15;28;62;63;60;32;41;50;47;36;0;54;15;10;2;37;41;42;14;0;48;63;67
578;optimal;64;4718814;0;12;26;26;39;44;0;49;8;3;15;55;20;46;29;0;0;49;35;19;46;55;54;44;29;12;52;37;9;12;12;64
579;optimal;54;2999046;0;0;13;26;31;35;0;12;45;31;28;39;40;21;2;7;1;28;17;10;17;45;5;2;0;33;12;35;34;13;21;54
580;optimal;46;4715237;0;7;20;1;21;27;19;7;33;12;13;13;11;40;21;30;37;34;33;6;43;35;0;1;0;26;16;12;16;22;19;46
581;optimal;63;632226;0;0;9;18;29;35;9;35;39;27;49;39;59;41;1;0;38;45;0;17;48;62;35;54;35;18;51;4;25;8;49;63
582;optimal;57;6614541;0;0;8;19;0;33;42;3;44;30;15;44;30;33;22;27;8;25;36;10;28;36;19;0;44;1;31;15;53;11;51;57
583;optimal;67;1640958;0;0;19;34;2;44;0;53;0;57;62;52;57;52;45;28;28;12;12;33;54;9;27;59;44;64;19;34;45;18;40;67
584;optimal;52;518362;0;3;12;24;16;23;0;32;9;12;40;26;24;39;29;14;46;29;46;34;46;34;33;39;40;3;0;47;0;13;14;52
585;optimal;53;2498726;0;3;8;31;31;34;35;12;47;19;43;43;47;39;28;1;35;0;17;35;9;18;12;0;17;11;26;51;18;16;0;53
586;optimal;56;11130076;0;0;9;1;26;34;37;49;19;31;26;43;35;52;10;18;41;13;2;0;37;27;0;27;37;43;48;9;49;29;2;56
587;optimal;64;17576126;0;5;15;19;35;22;50;59;27;27;45;52;26;57;37;22;9;26;9;19;20;6;0;46;21;45;0;45;53;59;0;64
588;optimal;64;3314300;0;4;14;24;33;18;10;47;0;18;27;56;45;42;51;24;18;10;25;51;14;57;35;39;51;15;49;49;16;0;12;64
589;optimal;68;6472638;0;0;12;0;25;4;37;3;0;44;27;50;6;37;56;61;40;13;61;18;40;12;18;44;20;32;52;50;38;52;9;68
590;optimal;62;1473670;0;3;17;10;26;39;47;1;60;45;3;39;16;35;27;26;58;24;26;23;47;11;10;52;16;56;0;35;0;23;45;62
591;optimal;61;2692587;0;0;11;16;0;17;27;39;44;40;35;36;6;26;53;44;52;35;27;44;52;10;59;18;11;45;0;50;47;6;10;61
592;optimal;69;830820;0;0;21;13;28;47;65;10;33;66;37;55;21;55;47;13;28;30;51;42;0;1;0;43;37;49;19;8;46;51;58;69
593;optimal;69;7759710;0;0;18;3;22;34;44;27;19;67;36;63;68;44;53;29;59;29;42;27;9;60;11;65;0;50;49;17;53;0;44;69
594;optimal;63;18060389;0;3;4;3;32;41;6;18;44;18;0;16;42;0;53;26;12;25;10;37;46;24;12;37;54;34;47;13;54;6;32;63
595;optimal;79;88541;0;0;0;29;42;52;38;11;42;21;62;60;33;32;74;20;76;69;56;64;64;17;45;52;74;10;23;10;48;69;0;79
596;optimal;64;8344589;0;0;10;19;42;29;25;29;41;32;42;50;58;47;23;10;54;48;32;0;54;16;58;9;45;28;1;0;0;13;34;64
597;optimal;77;818495;0;0;22;32;8;15;39;52;68;10;17;22;0;62;54;8;73;42;67;42;62;69;27;52;31;32;45;62;0;66;66;77
598;optimal;67;9848939;0;13;21;29;37;46;9;30;57;39;62;57;54;0;40;0;13;56;52;8;44;0;56;46;48;21;36;29;11;11;62;67
599;optimal;65;13235504;0;0;9;38;1;5;9;21;10;14;55;40;53;63;31;35;50;24;35;10;57;31;57;43;24;0;29;21;50;43;55;65
600;optimal;66;7913706;0;2;10;0;16;34;40;40;54;11;60;34;10;16;54;42;0;52;25;25;25;0;46;61;11;57;15;46;30;40;61;66
601;optimal;65;486510;0;5;19;31;34;35;20;17;52;1;10;55;55;35;26;17;10;43;27;57;5;39;35;56;9;52;0;60;46;0;26;65
602;optimal;70;2166442;0;0;17;46;47;60;2;23;1;65;32;41;41;8;23;0;2;56;43;48;32;31;26;26;13;17;39;63;9;58;60;70
603;optimal;63;322033;0;0;1;18;10;22;22;37;47;27;16;38;24;47;9;29;48;57;55;45;1;37;58;9;48;0;58;37;27;61;10;63
604;optimal;63;5089056;0;0;10;20;0;27;21;32;0;30;49;50;34;20;42;1;34;21;28;21;49;44;57;2;18;8;34;52;5;57;22;63
605;optimal;70;1248832;0;0;2;14;0;7;9;14;28;39;56;55;55;48;48;57;61;29;26;39;30;57;1;62;2;48;38;16;59;59;23;70
606;optimal;69;50941;0;10;1;28;18;19;33;35;22;27;46;34;0;58;62;46;43;62;47;46;14;18;53;66;1;40;53;10;10;28;0;69
607;optimal;73;387127;0;0;9;17;0;36;21;12;38;45;51;0;57;54;57;71;45;54;69;62;65;33;17;10;36;30;21;61;10;7;26;73
608;optimal;69;6592719;0;0;30;37;52;58;24;0;14;52;66;58;52;37;24;37;65;24;33;9;39;8;45;68;18;66;46;14;48;0;62;69
609;optimal;82;194095;0;0;8;12;38;22;28;52;51;0;25;56;44;34;31;17;57;46;0;66;73;64;56;66;73;44;77;38;67;10;34;82
610;optimal;68;477278;0;0;22;5;0;33;14;22;41;37;49;18;38;28;59;49;57;49;66;37;27;38;41;2;43;0;9;59;28;10;20;68
611;optimal;75;17542;0;0;1;11;21;0;26;22;33;24;41;51;19;48;49;26;11;57;40;41;64;40;33;21;64;54;58;71;54;48;64;75
612;optimal;69;233898;0;0;11;9;5;25;13;33;1;10;21;39;53;15;25;24;47;0;62;66;39;61;41;16;62;30;21;53;44;10;33;69
613;optimal;72;305662;0;0;7;14;42;23;35;14;31;40;42;51;61;63;59;52;52;27;42;20;10;10;63;60;51;0;18;27;27;0;2;72
614;optimal;68;38272;0;0;3;1;0;25;8;16;25;20;3;41;24;43;43;61;46;35;46;52;35;32;20;51;9;0;61;7;5;16;9;68
615;optimal;53;722596;0;0;9;20;0;23;27;10;23;25;0;41;36;45;51;44;16;27;27;9;45;0;46;15;29;17;42;24;51;31;15;53
616;optimal;62;418495;0;0;10;13;2;28;33;28;1;38;40;33;53;45;24;41;30;45;23;53;28;19;24;2;0;10;22;45;9;0;1;62
617;optimal;59;136827;0;0;6;16;0;23;28;33;32;34;38;23;19;30;10;46;0;53;50;58;38;46;43;31;33;1;10;3;49;54;16;59
618;optimal;59;1385924;0;0;1;2;25;6;10;14;39;40;2;22;47;14;30;39;49;47;16;40;36;49;10;29;30;42;42;0;52;5;54;59
619;optimal;67;616683;0;0;18;22;27;25;9;42;53;3;51;27;61;36;41;16;58;41;42;18;49;37;11;0;23;0;7;34;1;41;58;67
620;optimal;72;995594;0;0;8;5;14;29;19;40;50;14;52;41;30;51;49;63;41;62;19;29;2;11;52;35;0;14;0;57;11;30;26;72
621;optimal;65;214168;0;0;2;18;3;8;13;30;39;0;24;0;51;53;46;57;57;21;32;13;46;31;21;41;18;39;3;5;20;1;51;65
622;optimal;68;640615;0;0;9;25;33;18;42;10;50;19;25;10;57;63;28;37;33;58;17;50;43;40;1;66;0;19;0;37;50;33;64;68
623;optimal;71;571928;0;7;16;26;35;17;0;0;1;50;53;43;70;8;61;60;28;21;53;28;36;8;21;66;0;55;41;41;26;52;35;71
10;heuristic;40;0;16;16;32;28;23;11;0;10;15;6;6;23;23;0;11;31;37;1;32;9;20;0;1;40;;;;;;;;
75;heuristic;57;0;1;0;0;13;9;11;30;19;19;28;0;11;36;0;19;9;27;45;26;22;30;38;44;36;21;30;45;54;57;;;
108;heuristic;49;0;15;8;25;32;18;31;14;1;24;31;0;12;18;0;0;36;8;26;28;21;10;4;41;43;32;3;41;42;36;49;;
142;heuristic;50;0;19;15;26;0;11;10;11;24;26;18;32;0;0;0;9;2;20;20;32;9;22;40;41;41;32;50;;;;;;
181;heuristic;48;0;25;25;0;17;2;7;44;9;19;0;38;10;0;19;24;11;0;25;19;34;34;31;2;31;38;38;48;;;;;
185;heuristic;53;0;13;37;30;5;0;18;27;0;12;1;8;31;10;21;0;13;21;40;40;43;1;30;25;46;37;46;27;53;;;;
220;heuristic;47;0;15;18;10;1;10;16;4;25;10;4;7;0;25;15;18;8;31;26;5;24;1;0;21;38;31;41;34;47;;;;
221;heuristic;50;0;0;14;0;10;24;30;1;17;16;10;23;29;9;5;34;41;0;36;15;22;0;32;7;16;40;41;32;50;;;;
226;heuristic;50;0;10;1;0;8;12;3;0;17;26;11;0;17;16;2;32;18;15;3;33;42;44;35;23;33;40;42;26;50;;;;
227;heuristic;52;0;7;0;1;11;0;27;0;35;10;26;13;26;19;5;0;28;36;18;30;18;39;42;14;14;36;46;39;43;52;;;
228;heuristic;55;0;0;18;26;20;18;30;20;5;10;24;32;41;26;16;10;44;0;0;0;34;7;51;11;36;26;44;44;53;55;;;
302;heuristic;53;0;0;11;0;7;2;42;0;13;5;6;0;23;11;1;23;31;7;20;39;31;44;22;36;33;13;40;47;45;29;53;;
305;heuristic;39;0;8;10;0;9;19;14;9;15;24;0;27;0;17;10;27;3;18;23;19;0;0;25;32;24;32;32;31;33;36;39;;
365;heuristic;64;0;0;27;43;23;1;4;4;14;6;10;0;14;38;13;43;56;27;3;34;24;43;17;47;34;20;3;55;56;47;64;;
373;heuristic;72;0;0;0;50;14;38;12;1;28;20;20;18;12;35;56;25;64;43;63;46;3;31;10;56;54;41;28;3;63;64;50;72;
374;heuristic;72;0;24;0;17;10;27;7;4;13;22;18;14;31;7;0;2;24;0;15;32;40;32;47;50;40;58;65;50;64;40;55;72;
375;heuristic;57;0;9;9;0;0;16;9;11;0;19;32;15;32;28;25;25;0;6;7;3;11;30;3;37;40;43;46;40;49;51;47;57;
521;heuristic;55;0;0;6;18;25;3;9;0;41;47;24;40;32;19;40;15;12;16;25;23;10;0;0;7;36;46;36;15;12;23;33;55;
523;heuristic;56;0;23;10;32;30;15;10;17;3;1;0;46;36;26;38;30;23;36;20;0;22;33;27;55;46;24;0;7;46;19;8;56;
533;heuristic;54;0;1;28;13;2;11;0;39;47;5;21;31;43;12;1;30;0;9;34;42;20;28;51;30;43;9;49;23;11;21;14;54;
542;heuristic;71;0;10;16;14;1;24;54;37;31;62;51;57;44;18;44;10;31;0;10;61;37;42;20;0;24;18;5;6;1;30;60;71;
552;heuristic;60;0;0;10;25;36;46;51;38;46;44;3;3;0;25;20;25;9;29;35;56;16;5;10;13;52;44;2;33;44;52;37;60;
10;lower bound;39;0;;;;;;;;;;;;;;;;;;;;;;;;;;;;;;;;
75;lower bound;51;0;;;;;;;;;;;;;;;;;;;;;;;;;;;;;;;;
108;lower bound;44;0;;;;;;;;;;;;;;;;;;;;;;;;;;;;;;;;
142;lower bound;45;0;;;;;;;;;;;;;;;;;;;;;;;;;;;;;;;;
181;lower bound;44;0;;;;;;;;;;;;;;;;;;;;;;;;;;;;;;;;
185;lower bound;49;0;;;;;;;;;;;;;;;;;;;;;;;;;;;;;;;;
220;lower bound;40;0;;;;;;;;;;;;;;;;;;;;;;;;;;;;;;;;
221;lower bound;47;0;;;;;;;;;;;;;;;;;;;;;;;;;;;;;;;;
226;lower bound;43;0;;;;;;;;;;;;;;;;;;;;;;;;;;;;;;;;
227;lower bound;48;0;;;;;;;;;;;;;;;;;;;;;;;;;;;;;;;;
228;lower bound;51;0;;;;;;;;;;;;;;;;;;;;;;;;;;;;;;;;
302;lower bound;48;0;;;;;;;;;;;;;;;;;;;;;;;;;;;;;;;;
305;lower bound;34;0;;;;;;;;;;;;;;;;;;;;;;;;;;;;;;;;
365;lower bound;57;0;;;;;;;;;;;;;;;;;;;;;;;;;;;;;;;;
373;lower bound;59;0;;;;;;;;;;;;;;;;;;;;;;;;;;;;;;;;
374;lower bound;64;0;;;;;;;;;;;;;;;;;;;;;;;;;;;;;;;;
375;lower bound;54;0;;;;;;;;;;;;;;;;;;;;;;;;;;;;;;;;
521;lower bound;50;0;;;;;;;;;;;;;;;;;;;;;;;;;;;;;;;;
523;lower bound;48;0;;;;;;;;;;;;;;;;;;;;;;;;;;;;;;;;
533;lower bound;49;0;;;;;;;;;;;;;;;;;;;;;;;;;;;;;;;;
542;lower bound;67;0;;;;;;;;;;;;;;;;;;;;;;;;;;;;;;;;
552;lower bound;52;0;;;;;;;;;;;;;;;;;;;;;;;;;;;;;;;;
